烟花_台州,,,,,,,,,,,,
时间1,实测,时间2,频谱4,频谱6,频谱8,频谱10,频谱12,,,,,系数
2021/7/21 0:00,2.71364,2021/7/15 8:00,0.02078,0.020214328,0.021062836,0.019818357,0.020497164,,,,,-0.000376448
2021/7/21 1:00,2.95662,2021/7/15 9:00,0.03564,0.035981902,0.035469049,0.036221234,0.035810951,,,,,-0.001358055
2021/7/21 2:00,3.12016,2021/7/15 10:00,0.05545,0.054822133,0.055763934,0.054382625,0.055136066,,,,,-0.00085845
2021/7/21 3:00,3.27902,2021/7/15 11:00,0.0756,0.07561076,0.07559462,0.075618291,0.07560538,,,,,0.000856965
2021/7/21 4:00,3.06408,2021/7/15 12:00,0.09607,0.098792246,0.094708877,0.100697819,0.097431123,,,,,-0.002993492
2021/7/21 5:00,2.98465,2021/7/15 13:00,0.11759,0.117861704,0.117454148,0.118051897,0.117725852,,,,,-0.002589117
2021/7/21 6:00,3.27902,2021/7/15 14:00,0.13715,0.130876084,0.140286958,0.126484343,0.134013042,,,,,0.001800907
2021/7/21 7:00,3.57339,2021/7/15 15:00,0.15414,0.152988578,0.154715711,0.152182583,0.153564289,,,,,-0.005482299
2021/7/21 8:00,3.6575,2021/7/15 16:00,0.17493,0.179051555,0.172869223,0.181936643,0.176990777,,,,,0.003736477
2021/7/21 9:00,3.76497,2021/7/15 17:00,0.20098,0.192159829,0.205390085,0.18598571,0.196569915,,,,,-0.008467309
2021/7/21 10:00,3.95187,2021/7/15 18:00,0.22521,0.214065162,0.230782419,0.206263776,0.219637581,,,,,-0.007979602
2021/7/21 11:00,3.81637,2021/7/15 19:00,0.25334,0.259639795,0.250190102,0.264049652,0.256489898,,,,,-0.000413709
2021/7/21 12:00,3.60143,2021/7/15 20:00,0.27905,0.275446671,0.280851665,0.27292434,0.277248335,,,,,-0.011156978
2021/7/21 13:00,3.57339,2021/7/15 21:00,0.30247,0.308932929,0.299238535,0.31345698,0.305701465,,,,,-0.010836277
2021/7/21 14:00,3.57339,2021/7/15 22:00,0.327,0.32660201,0.327198995,0.326323416,0.326801005,,,,,-0.004733642
2021/7/21 15:00,3.73693,2021/7/15 23:00,0.35217,0.345531963,0.355489019,0.340885337,0.348850981,,,,,-0.013992487
2021/7/21 16:00,4.13877,2021/7/16 0:00,0.38327,0.392272532,0.378768734,0.398574304,0.387771266,,,,,-0.005698332
2021/7/21 17:00,4.13877,2021/7/16 1:00,0.41852,0.40737116,0.42409442,0.399566972,0.41294558,,,,,-0.012896051
2021/7/21 18:00,3.68086,2021/7/16 2:00,0.46231,0.461389723,0.462770139,0.460745529,0.461849861,,,,,-0.001635443
2021/7/21 19:00,3.60143,2021/7/16 3:00,0.50049,0.490365135,0.505552432,0.48327773,0.495427568,,,,,0.014895141
2021/7/21 20:00,3.76497,2021/7/16 4:00,0.52579,0.51188186,0.53274407,0.502146161,0.51883593,,,,,0.014000164
2021/7/21 22:00,3.76497,2021/7/16 5:00,0.54092,0.535178942,0.543790529,0.531160201,0.538049471,,,,,-0.009958015
2021/7/21 23:00,4.00327,2021/7/16 6:00,0.53732,0.55255106,0.52970447,0.563212803,0.54493553,,,,,-0.022486666
2021/7/22 0:00,3.8444,2021/7/16 7:00,0.52322,0.528512025,0.520573987,0.532216443,0.525866013,,,,,-0.000112799
2021/7/22 1:00,4.05934,2021/7/16 8:00,0.50136,0.505292174,0.499393913,0.508044696,0.503326087,,,,,0.013513098
2021/7/22 2:00,3.6575,2021/7/16 9:00,0.47842,0.492403967,0.471428017,0.502192744,0.485411983,,,,,-0.021167928
2021/7/22 3:00,3.87244,2021/7/16 10:00,0.45806,0.445803343,0.464188328,0.437223684,0.451931672,,,,,-0.007668863
2021/7/22 4:00,3.81637,2021/7/16 11:00,0.43919,0.420661606,0.448454197,0.407691731,0.429925803,,,,,-0.007321209
2021/7/22 5:00,4.16681,2021/7/16 12:00,0.42071,0.427707632,0.417211184,0.432605974,0.424208816,,,,,-0.011929358
2021/7/22 6:00,3.6575,2021/7/16 13:00,0.40554,0.403891337,0.406364332,0.402737272,0.404715668,,,,,-0.002206633
2021/7/22 7:00,4.11074,2021/7/16 14:00,0.39485,0.394311945,0.395119028,0.393935306,0.394580972,,,,,-0.01849451
2021/7/22 8:00,4.32567,2021/7/16 15:00,0.38823,0.394990726,0.384849637,0.399723235,0.391610363,,,,,-0.011473199
2021/7/22 9:00,4.48921,2021/7/16 16:00,0.38589,0.393088002,0.382290999,0.398126604,0.389489001,,,,,-0.016938179
2021/7/22 10:00,4.32567,2021/7/16 17:00,0.38611,0.370878116,0.393725942,0.360215796,0.378494058,,,,,-0.010760221
2021/7/22 11:00,4.05934,2021/7/16 18:00,0.38872,0.391369338,0.387395331,0.393223875,0.390044669,,,,,-0.003431508
2021/7/22 12:00,4.19484,2021/7/16 19:00,0.40163,0.389248598,0.407820701,0.380581616,0.395439299,,,,,-0.010288121
2021/7/22 13:00,4.30231,2021/7/16 20:00,0.41769,0.421105133,0.415982434,0.423495726,0.419397566,,,,,-0.011549932
2021/7/22 14:00,4.05934,2021/7/16 21:00,0.43272,0.432695846,0.432732077,0.432678937,0.432707923,,,,,0.002594669
2021/7/22 15:00,3.73693,2021/7/16 22:00,0.45364,0.440648617,0.460135692,0.431554648,0.447144308,,,,,-0.003038757
2021/7/22 16:00,3.68086,2021/7/16 23:00,0.46943,0.459348053,0.474470974,0.45229069,0.464389026,,,,,0.004556219
2021/7/22 17:00,4.08737,2021/7/17 0:00,0.48842,0.475604701,0.49482765,0.466633991,0.48201235,,,,,-0.02070368
2021/7/22 18:00,4.46118,2021/7/17 1:00,0.50481,0.479863456,0.517283272,0.462400875,0.492336728,,,,,-0.023467577
2021/7/22 19:00,4.73219,2021/7/17 2:00,0.51651,0.519179444,0.515175278,0.521048055,0.517844722,,,,,0.001279223
2021/7/22 20:00,4.81162,2021/7/17 3:00,0.52388,0.50512349,0.533258255,0.491993933,0.514501745,,,,,-0.023650261
2021/7/22 21:00,4.35371,2021/7/17 4:00,0.52879,0.530108005,0.528130998,0.531030608,0.529449002,,,,,-0.014965619
2021/7/22 22:00,4.11074,2021/7/17 5:00,0.52558,0.525439861,0.52565007,0.525341764,0.52550993,,,,,0.005287226
2021/7/22 23:00,4.11074,2021/7/17 6:00,0.51635,0.518132391,0.515458805,0.519380064,0.517241195,,,,,0.011070295
2021/7/23 0:00,4.46118,2021/7/17 7:00,0.50748,0.493101019,0.51466949,0.483035733,0.50029051,,,,,0.009698745
2021/7/23 1:00,4.70415,2021/7/17 8:00,0.50072,0.504003647,0.499078177,0.5063022,0.502361823,,,,,0.012047237
2021/7/23 2:00,4.86302,2021/7/17 9:00,0.49545,0.481443627,0.502453187,0.471639165,0.488446813,,,,,-0.009335026
2021/7/23 3:00,4.54061,2021/7/17 10:00,0.48909,0.498967924,0.484151038,0.50588247,0.494028962,,,,,-0.016677102
2021/7/23 4:00,4.83965,2021/7/17 11:00,0.48589,0.461728222,0.497970889,0.444814978,0.473809111,,,,,0.005420016
2021/7/23 5:00,4.11074,2021/7/17 12:00,0.48763,0.476134557,0.493377722,0.468087746,0.481882278,,,,,0.000407451
2021/7/23 6:00,5.07795,2021/7/17 13:00,0.49179,0.476722796,0.499323602,0.466175754,0.484256398,,,,,-0.023253393
2021/7/23 7:00,5.16206,2021/7/17 14:00,0.50042,0.501368415,0.499945792,0.502032306,0.500894208,,,,,0.010561741
2021/7/23 8:00,4.75555,2021/7/17 15:00,0.51141,0.510745117,0.511742441,0.510279699,0.511077559,,,,,0.011659784
2021/7/23 9:00,4.05934,2021/7/17 16:00,0.51838,0.531564274,0.511787863,0.540793266,0.524972137,,,,,0.005267259
2021/7/23 10:00,5.05459,2021/7/17 17:00,0.52354,0.500006346,0.535306827,0.483532789,0.511773173,,,,,0.001190903
2021/7/23 11:00,5.53587,2021/7/17 18:00,0.53191,0.512193959,0.54176802,0.498392731,0.52205198,,,,,-0.023476487
2021/7/23 12:00,4.89105,2021/7/17 19:00,0.54741,0.532426565,0.554901718,0.52193816,0.539918282,,,,,0.012910944
2021/7/23 13:00,5.85827,2021/7/17 20:00,0.56071,0.55852973,0.561800135,0.557003541,0.559619865,,,,,-0.005743217
2021/7/23 14:00,5.45643,2021/7/17 21:00,0.56481,0.563013748,0.565708126,0.561756371,0.563911874,,,,,-0.017646938
2021/7/23 15:00,5.53587,2021/7/17 22:00,0.56605,0.563542866,0.567303567,0.561787871,0.564796433,,,,,-0.021421064
2021/7/23 16:00,5.50783,2021/7/17 23:00,0.56456,0.544371803,0.574654099,0.530240065,0.554465901,,,,,-0.018881408
2021/7/23 17:00,4.91909,2021/7/18 0:00,0.55878,0.556546324,0.559896838,0.554982751,0.557663162,,,,,-0.012983822
2021/7/23 18:00,5.16206,2021/7/18 1:00,0.55052,0.554348824,0.548605588,0.557029002,0.552434412,,,,,0.004368904
2021/7/23 19:00,4.91909,2021/7/18 2:00,0.54092,0.554067869,0.534346065,0.563271377,0.547493935,,,,,0.015672508
2021/7/23 21:00,5.83024,2021/7/18 3:00,0.53152,0.516583731,0.538988135,0.506128343,0.524051865,,,,,-0.002479166
2021/7/23 23:00,4.67612,2021/7/18 4:00,0.52412,0.503641341,0.534359329,0.48930628,0.513880671,,,,,-0.007242435
2021/7/24 0:00,4.86302,2021/7/18 5:00,0.51842,0.502923283,0.526168358,0.492075582,0.510671642,,,,,-0.019435849
2021/7/24 1:00,5.02656,2021/7/18 6:00,0.5141,0.527158929,0.507570535,0.53630018,0.520629465,,,,,-0.014422045
2021/7/24 2:00,5.24149,2021/7/18 7:00,0.51389,0.525099912,0.508285044,0.532946851,0.519494956,,,,,0.013358517
2021/7/24 3:00,6.39561,2021/7/18 8:00,0.51702,0.512456131,0.519301934,0.509261423,0.514738066,,,,,-0.020684279
2021/7/24 4:00,6.23675,2021/7/18 9:00,0.52267,0.50100395,0.533503025,0.485837715,0.511836975,,,,,0.003552524
2021/7/24 5:00,6.12928,2021/7/18 10:00,0.52968,0.507579314,0.540730343,0.492108834,0.518629657,,,,,-0.021621961
2021/7/24 6:00,6.34422,2021/7/18 11:00,0.53125,0.52715675,0.533296625,0.524291476,0.529203375,,,,,0.00317346
2021/7/24 7:00,6.55915,2021/7/18 12:00,0.52938,0.516424876,0.535857562,0.507356289,0.522902438,,,,,-0.025587764
2021/7/24 8:00,7.01239,2021/7/18 13:00,0.52509,0.510874551,0.532197724,0.500923737,0.517982276,,,,,0.003389741
2021/7/24 9:00,7.17593,2021/7/18 14:00,0.51922,0.504353501,0.526653249,0.493946952,0.511786751,,,,,-0.001731587
2021/7/24 10:00,7.6572,2021/7/18 15:00,0.51554,0.512842074,0.516888963,0.510953526,0.514191037,,,,,0.005388277
2021/7/24 11:00,7.4703,2021/7/18 16:00,0.51754,0.51150502,0.52055749,0.507280534,0.51452251,,,,,-0.007685148
2021/7/24 12:00,7.63384,2021/7/18 17:00,0.52642,0.534429255,0.522415372,0.540035734,0.530424628,,,,,-0.008067518
2021/7/24 13:00,6.61055,2021/7/18 18:00,0.53184,0.515332886,0.540093557,0.503777906,0.523586443,,,,,-0.025506161
2021/7/24 14:00,8.30202,2021/7/18 19:00,0.53656,0.545658643,0.532010679,0.552027693,0.541109321,,,,,0.014787987
2021/7/24 15:00,7.74131,2021/7/18 20:00,0.53408,0.54196161,0.530139195,0.547478738,0.538020805,,,,,-0.022555315
2021/7/24 16:00,8.06372,2021/7/18 21:00,0.52926,0.504765051,0.541507474,0.487618587,0.517012526,,,,,-0.01441252
2021/7/24 17:00,8.16372,2021/7/18 22:00,0.5262,0.521542493,0.528528754,0.518282238,0.523871246,,,,,-0.017398048
2021/7/24 18:00,8.34372,2021/7/18 23:00,0.52138,0.502504898,0.530817551,0.489292327,0.511942449,,,,,0.002022756
2021/7/24 19:00,9.67575,2021/7/19 0:00,0.51568,0.516540775,0.515249613,0.517143317,0.516110387,,,,,-0.002070245
2021/7/24 20:00,9.40474,2021/7/19 1:00,0.51433,0.528025931,0.507482035,0.537613082,0.521177965,,,,,-0.014137243
2021/7/24 21:00,9.40474,2021/7/19 2:00,0.5141,0.496266558,0.523016721,0.483783148,0.505183279,,,,,0.00279758
2021/7/24 22:00,9.21784,2021/7/19 3:00,0.50948,0.503281323,0.512579339,0.498942248,0.506380661,,,,,0.00344999
2021/7/24 22:30,8.70853,2021/7/19 4:00,0.50291,0.483601338,0.512564331,0.470085275,0.493255669,,,,,-0.018371849
2021/7/24 23:00,7.20397,2021/7/19 5:00,0.49754,0.497957534,0.497331233,0.498249808,0.497748767,,,,,-0.004774407
2021/7/24 23:30,7.79271,2021/7/19 6:00,0.4971,0.489230236,0.501034882,0.483721401,0.493165118,,,,,0.013919273
2021/7/25 0:00,7.25536,2021/7/19 7:00,0.50246,0.513064523,0.497157738,0.520487689,0.507762262,,,,,-0.007082568
2021/7/25 1:00,7.11986,2021/7/19 8:00,0.50396,0.50060149,0.505639255,0.498250533,0.502280745,,,,,0.005893609
2021/7/25 2:00,6.66662,2021/7/19 9:00,0.50543,0.497012087,0.509638956,0.491119549,0.501221044,,,,,0.006976076
2021/7/25 3:00,6.53112,2021/7/19 10:00,0.51206,0.5222502,0.5069649,0.52938334,0.5171551,,,,,-0.008133912
2021/7/25 4:00,6.04517,2021/7/19 11:00,0.51674,0.52244536,0.51388732,0.526439111,0.51959268,,,,,-0.00548326
2021/7/25 5:00,5.64333,2021/7/19 12:00,0.52338,0.516859973,0.526640013,0.512295954,0.520119987,,,,,-0.02569011
2021/7/25 6:00,5.05459,2021/7/19 13:00,0.53179,0.54181131,0.526779345,0.548826227,0.536800655,,,,,-0.014651344
2021/7/25 7:00,4.73219,2021/7/19 14:00,0.54207,0.552874305,0.536667847,0.560437319,0.547472153,,,,,-0.024168868
2021/7/25 8:00,4.48921,2021/7/19 15:00,0.56055,0.53607014,0.57278993,0.518934239,0.54831007,,,,,-0.02500003
2021/7/25 9:00,4.0313,2021/7/19 16:00,0.58758,0.565421974,0.598659013,0.549911356,0.576500987,,,,,-0.02102481
2021/7/25 10:00,3.76497,2021/7/19 17:00,0.6169,0.604734228,0.622982886,0.596218188,0.610817114,,,,,0.002611549
2021/7/25 11:00,4.16681,2021/7/19 18:00,0.6508,0.669033702,0.641683149,0.681797293,0.659916851,,,,,-0.014832152
2021/7/25 12:00,5.24149,2021/7/19 19:00,0.67325,0.662200537,0.678774732,0.654465912,0.667725268,,,,,0.018880361
2021/7/25 13:00,5.88631,2021/7/19 20:00,0.70355,0.672423864,0.719113068,0.650635569,0.687986932,,,,,-0.019307122
2021/7/25 14:00,6.18068,2021/7/19 21:00,0.74609,0.757173566,0.740548217,0.764932062,0.751631783,,,,,-0.012834281
2021/7/25 15:00,6.07321,2021/7/19 22:00,0.7865,0.795865117,0.781817442,0.802420698,0.791182558,,,,,0.014156044
2021/7/25 16:00,6.88156,2021/7/19 23:00,0.81643,0.812646769,0.818321615,0.809998508,0.814538385,,,,,-0.018338285
2021/7/25 17:00,5.99378,2021/7/20 0:00,0.93478,0.956877018,0.923731491,0.97234493,0.945828509,,,,,-0.024286794
2021/7/25 18:00,5.40036,2021/7/20 1:00,0.968275,0.949042832,0.977891084,0.935580314,0.958658916,,,,,-0.035515977
2021/7/25 19:00,5.5639,2021/7/20 2:00,0.999361,0.986123078,1.005979961,0.976856533,0.992742039,,,,,-0.01656687
2021/7/25 20:00,5.77884,2021/7/20 3:00,1.040578,1.006949872,1.057392064,0.983410182,1.023763936,,,,,-0.042983001
2021/7/25 21:00,5.18542,2021/7/20 4:00,1.091838,1.088080673,1.093716663,1.085450544,1.089959337,,,,,-0.003976244
2021/7/25 22:00,4.97049,2021/7/20 5:00,1.14719,1.106747157,1.167411421,1.078437167,1.126968579,,,,,-0.01551805
2021/7/25 23:00,4.75555,2021/7/20 6:00,1.190299,1.214771525,1.178062738,1.231902292,1.202535262,,,,,-0.034416526
2021/7/25 23:30,4.56865,2021/7/20 7:00,1.247158,1.199389296,1.271042352,1.165951204,1.223273648,,,,,-0.00593305
2021/7/26 0:00,4.24624,2021/7/20 8:00,1.299441,1.290942129,1.303690436,1.284992919,1.295191564,,,,,-0.028139016
2021/7/26 1:00,3.87244,2021/7/20 9:00,1.338018,1.326672147,1.343690926,1.318730051,1.332345074,,,,,-0.013829644
2021/7/26 3:00,3.19959,2021/7/20 10:00,1.385758,1.376575525,1.390349237,1.370147793,1.381166763,,,,,0.010058321
2021/7/26 5:00,2.92858,2021/7/20 11:00,1.445598,1.453252557,1.441770722,1.458610747,1.449425278,,,,,-0.008741054
2021/7/26 7:00,3.57339,2021/7/20 12:00,1.497837,1.49222664,1.50064218,1.488299388,1.49503182,,,,,0.018256889
2021/7/26 9:00,2.87718,2021/7/20 13:00,1.540759,1.500135769,1.561070615,1.471699507,1.520447385,,,,,-0.042717511
2021/7/26 11:00,2.49871,2021/7/20 14:00,1.58851,1.634488385,1.565520808,1.666673254,1.611499192,,,,,-0.075012938
2021/7/26 13:00,2.84915,2021/7/20 15:00,1.642036,1.665938283,1.630084858,1.682669882,1.653987142,,,,,-0.080166103
2021/7/26 15:00,2.66225,2021/7/20 16:00,1.692988,1.62960481,1.724679595,1.585236576,1.661296405,,,,,0.012827182
2021/7/26 17:00,2.41927,2021/7/20 17:00,1.745634,1.712745822,1.762078089,1.689724097,1.729189911,,,,,-0.026825141
2021/7/26 19:00,2.74168,2021/7/20 18:00,1.794166,1.766717247,1.807890376,1.747503121,1.780441624,,,,,-0.003266893
2021/7/26 21:00,2.01743,2021/7/20 19:00,1.862773,1.77692113,1.905698935,1.71682482,1.819847065,,,,,0.000678597
2021/7/26 23:00,2.58281,2021/7/20 20:00,1.925385,1.843104805,1.966525097,1.785508669,1.884244903,,,,,-0.092288302
2021/7/26 23:30,2.49871,2021/7/20 21:00,1.979516,1.950113755,1.994217122,1.929532184,1.964814878,,,,,-0.010078428
2021/7/27 0:00,2.1763,2021/7/20 22:00,2.036529,1.954538758,2.077524121,1.897145589,1.995533879,,,,,-0.051721458
2021/7/27 1:00,1.96136,2021/7/20 23:00,2.11079,2.082916871,2.124726565,2.06340568,2.096853435,,,,,0.054201335
2021/7/27 3:00,1.90996,2021/7/21 0:00,2.183379,2.07871021,2.235713395,2.005442056,2.131044605,,,,,0.002600297
2021/7/27 5:00,1.69503,2021/7/21 1:00,2.254582,2.192753209,2.285496395,2.149473055,2.223667605,,,,,-0.058135783
2021/7/27 7:00,1.88193,2021/7/21 2:00,2.319746,2.378894489,2.290171755,2.420298432,2.349320245,,,,,-0.092382314
2021/7/27 9:00,1.66699,2021/7/21 3:00,2.38755,2.357358226,2.402645887,2.336223984,2.372454113,,,,,-0.068426849
2021/7/27 11:00,1.53149,2021/7/21 4:00,2.4541,2.525301853,2.418499073,2.575143151,2.489700927,,,,,-0.10176759
2021/7/27 13:00,1.74642,2021/7/21 5:00,2.523532,2.528994304,2.520800848,2.532817918,2.526263152,,,,,0.074341224
2021/7/27 15:00,1.55952,2021/7/21 6:00,2.583911,2.520109105,2.615811948,2.475447778,2.552010052,,,,,-0.002704821
2021/7/27 17:00,1.74642,2021/7/21 7:00,2.654707,2.57186039,2.696130305,2.513867763,2.613283695,,,,,0.008203035
2021/7/27 19:00,1.69503,2021/7/21 8:00,2.723556,2.669738669,2.750464666,2.632066537,2.696647334,,,,,-0.026252118
2021/7/27 21:00,1.45205,2021/7/21 9:00,2.802228,2.667873917,2.869405042,2.573826058,2.735050958,,,,,-0.036012479
2021/7/27 23:00,1.66699,2021/7/21 10:00,2.890327,2.782961459,2.94400977,2.707805581,2.83664423,,,,,-0.123995426
2021/7/28 0:00,1.45205,2021/7/21 11:00,2.984586,2.970717958,2.991520021,2.961010329,2.977651979,,,,,0.083557493
2021/7/28 1:00,1.18572,2021/7/21 12:00,3.07758,3.013877849,3.109431075,2.969286344,3.045728925,,,,,-0.111397188
2021/7/28 3:00,1.10161,2021/7/21 13:00,3.163754,3.174078229,3.158591885,3.18130519,3.168916115,,,,,-0.129813092
2021/7/28 5:00,0.99414,2021/7/21 14:00,3.25182,3.145225438,3.305117281,3.070609244,3.198522719,,,,,-0.02854551
2021/7/28 7:00,0.88667,2021/7/21 15:00,3.336366,3.290717676,3.359190162,3.258763849,3.313541838,,,,,-0.151816037
2021/7/28 9:00,1.15768,2021/7/21 16:00,3.419713,3.342829689,3.458154656,3.289011371,3.381271344,,,,,0.097154771
2021/7/28 11:00,1.29319,2021/7/21 17:00,3.502455,3.340891747,3.583236627,3.22779747,3.421673373,,,,,0.009329355
2021/7/28 13:00,0.99414,2021/7/21 18:00,3.559765,3.459946851,3.609674075,3.390074146,3.509855925,,,,,-0.008758189
2021/7/28 15:00,0.88667,2021/7/21 19:00,3.63693,3.527249152,3.691770424,3.450472558,3.582089576,,,,,-0.130536752
2021/7/28 17:00,0.97078,2021/7/21 20:00,3.719166,3.629353011,3.764072495,3.566483918,3.674259505,,,,,-0.000934579
2021/7/28 19:00,1.18572,2021/7/21 21:00,3.794483,3.747826793,3.817811104,3.715167448,3.771154896,,,,,-0.176210157
2021/7/28 21:00,1.29319,2021/7/21 22:00,3.862782,3.827044863,3.880650569,3.802028867,3.844913431,,,,,0.063230553
2021/7/28 23:00,1.15768,2021/7/21 23:00,3.920587,3.884879249,3.938440876,3.859883823,3.902733124,,,,,-0.073965775
,,2021/7/22 0:00,3.97408,4.065302201,3.9284689,4.129157741,4.0196911,,,,,0.070498945
,,2021/7/22 1:00,4.02644,3.921588686,4.078865657,3.848192767,3.974014343,,,,,0.108282018
,,2021/7/22 2:00,4.079658,3.990931239,4.124021381,3.928822506,4.035294619,,,,,-0.023990627
,,2021/7/22 3:00,4.130951,4.06049163,4.166180685,4.011170071,4.095721315,,,,,0.045157409
,,2021/7/22 4:00,4.180814,4.178323232,4.182059384,4.176579694,4.179568616,,,,,-0.022424287
,,2021/7/22 5:00,4.230842,4.147992318,4.272266841,4.089997541,4.189417159,,,,,0.079772287
,,2021/7/22 6:00,4.269837,4.076766162,4.366372419,3.941616576,4.173301581,,,,,-0.203466812
,,2021/7/22 7:00,4.306874,4.299902613,4.310359694,4.295022641,4.303388306,,,,,0.061077757
,,2021/7/22 8:00,4.347255,4.26435182,4.38870659,4.206319594,4.30580341,,,,,-0.053514462
,,2021/7/22 9:00,4.389748,4.400633415,4.384305293,4.408253205,4.395190707,,,,,0.015292716
,,2021/7/22 10:00,4.432978,4.363906855,4.467513572,4.315557054,4.398442428,,,,,-0.17160319
,,2021/7/22 11:00,4.441789,4.48041113,4.422477935,4.507446621,4.461100065,,,,,-0.050118709
,,2021/7/22 12:00,4.450776,4.536049863,4.408139068,4.595741568,4.493412932,,,,,-0.034329379
,,2021/7/22 13:00,4.453009,4.542423838,4.408301581,4.605014225,4.497716419,,,,,-0.094895867
,,2021/7/22 14:00,4.455506,4.240808279,4.56285486,4.090519875,4.34815714,,,,,-0.101588865
,,2021/7/22 15:00,4.461908,4.58833771,4.398693145,4.676838507,4.525122855,,,,,0.009912271
,,2021/7/22 16:00,4.471137,4.295703968,4.558853516,4.172900846,4.383420484,,,,,-0.007354342
,,2021/7/22 17:00,4.500122,4.505307631,4.497529184,4.508937573,4.502714816,,,,,-0.004967855
,,2021/7/22 18:00,4.549468,4.443521232,4.602441384,4.369358494,4.496494616,,,,,-0.176431746
,,2021/7/22 19:00,4.607812,4.480361949,4.671537026,4.391146913,4.544086974,,,,,-0.044723592
,,2021/7/22 20:00,4.612443,4.482913292,4.677207854,4.392242497,4.547678146,,,,,-0.065033589
,,2021/7/22 21:00,4.619857,4.471893736,4.693838632,4.368319451,4.545875368,,,,,0.092064898
,,2021/7/22 22:00,4.637303,4.446792972,4.732558014,4.313435953,4.542047986,,,,,-0.187831071
,,2021/7/22 23:00,4.643254,4.637493671,4.646134165,4.63346144,4.640373835,,,,,0.076365114
,,2021/7/23 0:00,4.657653,4.695773584,4.638592708,4.722457993,4.676713292,,,,,-0.168501851
,,2021/7/23 1:00,4.669214,4.441856454,4.782892773,4.282706172,4.555535227,,,,,-0.105639892
,,2021/7/23 2:00,4.681094,4.737979382,4.652651309,4.77779915,4.709536691,,,,,0.015238504
,,2021/7/23 3:00,4.686682,4.824758896,4.617643552,4.921412723,4.755720448,,,,,-0.215776182
,,2021/7/23 4:00,4.689663,4.693279872,4.687854564,4.695811683,4.691471436,,,,,0.077897467
,,2021/7/23 5:00,4.696219,4.569413136,4.759621932,4.48064903,4.632816068,,,,,0.033688987
,,2021/7/23 6:00,4.695856,4.781864259,4.65285187,4.84207004,4.73886013,,,,,-0.014849829
,,2021/7/23 7:00,4.709111,4.791148008,4.668092496,4.848573914,4.750129504,,,,,0.057550706
,,2021/7/23 8:00,4.726381,4.544796436,4.817173282,4.417687241,4.635588718,,,,,0.062059647
,,2021/7/23 9:00,4.749074,4.552886388,4.847167806,4.415555059,4.650980194,,,,,0.090052478
,,2021/7/23 10:00,4.77136,4.870432753,4.721823624,4.93978368,4.820896376,,,,,-0.087330792
,,2021/7/23 11:00,4.799366,4.591017995,4.903540002,4.445174392,4.695191998,,,,,-0.06693537
,,2021/7/23 12:00,4.843366,4.675481847,4.927308077,4.557962939,4.759423923,,,,,0.025135666
,,2021/7/23 13:00,4.894527,4.864958806,4.909311097,4.844261069,4.879742903,,,,,-0.2060969
,,2021/7/23 14:00,4.943081,5.008244114,4.910499443,5.053858294,4.975662557,,,,,-0.2040764
,,2021/7/23 15:00,5.000556,5.104987441,4.94834028,5.178089449,5.05277172,,,,,-0.242796672
,,2021/7/23 16:00,5.066655,5.143343017,5.028310991,5.197024629,5.104999009,,,,,0.121018194
,,2021/7/23 17:00,5.13425,4.883320494,5.259714753,4.70766984,5.008785247,,,,,-0.147313833
,,2021/7/23 18:00,5.157493,5.129727285,5.171375857,5.110291285,5.143610143,,,,,0.097171434
,,2021/7/23 19:00,5.206168,5.189067057,5.214718471,5.177096397,5.197617529,,,,,0.128226038
,,2021/7/23 20:00,5.276568,5.082328253,5.373687874,4.94636043,5.179448126,,,,,-0.087402921
,,2021/7/23 21:00,5.350532,5.161024709,5.445285645,5.028369606,5.255778355,,,,,-0.177247932
,,2021/7/23 22:00,5.458695,5.571937512,5.402073744,5.65120727,5.515316256,,,,,0.080429571
,,2021/7/23 23:00,5.550985,5.318124139,5.66741543,5.155121537,5.43455457,,,,,-0.190347046
,,2021/7/24 0:00,5.63838,5.562759733,5.676190134,5.509825546,5.600569866,,,,,-0.220033266
,,2021/7/24 1:00,5.700794,5.50884582,5.79676809,5.374482093,5.60481991,,,,,0.165524643
,,2021/7/24 2:00,5.768444,5.76614227,5.769594865,5.76453106,5.767293135,,,,,-0.192588836
,,2021/7/24 3:00,5.843354,5.906538448,5.811761776,5.950767562,5.874946224,,,,,0.135194505
,,2021/7/24 4:00,5.936843,5.74244953,6.034039735,5.6063741,5.839646265,,,,,-0.214584737
,,2021/7/24 5:00,6.32294355,6.02828345,6.4702736,5.82202138,6.1756135,,,,,0.036714961
,,2021/7/24 6:00,6.43816635,6.611760729,6.351369161,6.733276794,6.524963539,,,,,-0.105692821
,,2021/7/24 7:00,6.5072007,6.409333039,6.556134531,6.340825676,6.458266869,,,,,-0.191386729
,,2021/7/24 8:00,6.5864568,6.722697313,6.518336544,6.818065671,6.654577056,,,,,-0.230454417
,,2021/7/24 9:00,6.7154703,6.689936717,6.728237091,6.67206321,6.702703509,,,,,0.14409526
,,2021/7/24 10:00,6.7974753,6.848911372,6.771757264,6.884916622,6.823193336,,,,,0.133764198
,,2021/7/24 11:00,6.85967205,6.875618893,6.851698629,6.886781683,6.867645471,,,,,-0.322238633
,,2021/7/24 12:00,6.9425202,6.850342781,6.988608909,6.785818588,6.896431491,,,,,0.204840156
,,2021/7/24 13:00,7.08233295,6.786941286,7.230028782,6.580167121,6.934637118,,,,,-0.090117133
,,2021/7/24 14:00,8.3254248,8.237621738,8.369326331,8.176159595,8.281523269,,,,,-0.396289129
,,2021/7/24 15:00,8.5657836,8.353203287,8.672073757,8.204397067,8.459493443,,,,,-0.087231391
,,2021/7/24 16:00,8.746386,8.562796627,8.838180686,8.434284066,8.654591314,,,,,-0.100117782
,,2021/7/24 17:00,8.9077824,8.605339692,9.059003754,8.393629797,8.756561046,,,,,-0.34258824
,,2021/7/24 18:00,9.0374724,9.012898549,9.049759325,8.995696854,9.025185475,,,,,-0.22600193
,,2021/7/24 19:00,9.06279,9.240550611,8.973909695,9.364983038,9.151670305,,,,,-0.121564688
,,2021/7/24 20:00,8.9792472,8.613321016,9.162210292,8.357172687,8.796284108,,,,,-0.424721749
,,2021/7/24 21:00,8.8147488,8.988274717,8.727985842,9.109742858,8.901511758,,,,,-0.182391148
,,2021/7/24 22:00,8.5799736,8.154313692,8.792803554,7.856351756,8.367143646,,,,,-0.325168176
,,2021/7/24 23:00,8.276334,8.014536024,8.407232988,7.831277441,8.145435012,,,,,-0.013761276
,,2021/7/25 0:00,7.234332,6.98475557,7.359120215,6.810052069,7.109543785,,,,,0.139902103
,,2021/7/25 1:00,6.956316,6.944781248,6.962083376,6.936706922,6.950548624,,,,,0.172937297
,,2021/7/25 2:00,6.695184,6.416899224,6.834326388,6.222099882,6.556041612,,,,,-0.183268272
,,2021/7/25 3:00,5.37598,5.51733165,5.305304175,5.616277805,5.446655825,,,,,0.142299397
,,2021/7/25 4:00,5.18777,5.23662267,5.163343665,5.270819539,5.212196335,,,,,-0.172283676
,,2021/7/25 5:00,5.01457,4.929679862,5.057015069,4.870256765,4.972124931,,,,,-0.231694062
,,2021/7/25 6:00,4.85271,4.667589979,4.94527001,4.538005964,4.76014999,,,,,-0.20440247
,,2021/7/25 7:00,4.71538,4.697653641,4.72424318,4.685245189,4.70651682,,,,,0.083460135
,,2021/7/25 8:00,4.60082,4.470939378,4.665760311,4.380022942,4.535879689,,,,,-0.065595068
,,2021/7/25 9:00,4.50464,4.420232901,4.546843549,4.361147932,4.462436451,,,,,-0.16574784
,,2021/7/25 10:00,4.42572,4.342874685,4.467142657,4.284882965,4.384297343,,,,,0.068443028
,,2021/7/25 11:00,4.36988,4.234145999,4.437747,4.139132199,4.302013,,,,,-0.144419523
,,2021/7/25 12:00,4.33862,4.298311102,4.358774449,4.270094873,4.318465551,,,,,0.08322835
,,2021/7/25 13:00,4.34019,4.138466304,4.441051848,3.997259716,4.239328152,,,,,-0.128902441
,,2021/7/25 14:00,4.36431,4.279964374,4.406482813,4.220922436,4.322137187,,,,,0.042705369
,,2021/7/25 15:00,4.3859,4.193835232,4.481932384,4.059389894,4.289867616,,,,,0.030177895
,,2021/7/25 16:00,4.42319,4.548769314,4.360400343,4.636674834,4.485979657,,,,,0.050240136
,,2021/7/25 17:00,4.46773,4.546776957,4.428206522,4.602109827,4.507253478,,,,,-0.110929869
,,2021/7/25 18:00,4.47004,4.27380402,4.56815799,4.136438833,4.37192201,,,,,0.091925508
,,2021/7/25 19:00,4.46896,4.566236487,4.420321757,4.634330027,4.517598243,,,,,0.093468823
,,2021/7/25 20:00,4.46271,4.578608204,4.404760898,4.659736947,4.520659102,,,,,-0.065293223
,,2021/7/25 21:00,4.43018,4.277238819,4.506650591,4.170179992,4.353709409,,,,,-0.037542785
,,2021/7/25 22:00,4.37662,4.175905412,4.476977294,4.0354052,4.276262706,,,,,-0.068026606
,,2021/7/25 23:00,4.28489,4.185366837,4.334651581,4.115700623,4.235128419,,,,,0.075047542
,,2021/7/26 0:00,4.16264,4.06319139,4.212364305,3.993577363,4.112915695,,,,,-0.039518668
,,2021/7/26 1:00,4.00864,4.057486994,3.984216503,4.09167989,4.033063497,,,,,-0.092035216
,,2021/7/26 2:00,3.84424,3.762052275,3.885333863,3.704520867,3.803146137,,,,,-0.14209899
,,2021/7/26 3:00,3.6723,3.694809424,3.661045288,3.710566022,3.683554712,,,,,-0.115932417
,,2021/7/26 4:00,3.52543,3.470538664,3.552875668,3.432114729,3.497984332,,,,,0.048357792
,,2021/7/26 5:00,3.42517,3.503564485,3.385972757,3.558440625,3.464367243,,,,,-0.07274445
,,2021/7/26 6:00,3.30193,3.137605189,3.384092405,3.022577822,3.219767595,,,,,0.043170091
,,2021/7/26 7:00,3.2019,3.11713814,3.24428093,3.057804838,3.15951907,,,,,-0.068948588
,,2021/7/26 8:00,3.13201,3.170281183,3.112874408,3.197071012,3.151145592,,,,,0.062130805
,,2021/7/26 9:00,3.08224,2.984841648,3.130939176,2.916662802,3.033540824,,,,,0.051140888
,,2021/7/26 10:00,3.05192,2.93006659,3.112846705,2.844769204,2.990993295,,,,,0.048320655
,,2021/7/26 11:00,3.03336,2.93528909,3.082395455,2.866639452,2.984324545,,,,,0.06888565
,,2021/7/26 12:00,3.02875,2.889096812,3.098576594,2.79133958,2.958923406,,,,,0.062986021
,,2021/7/26 13:00,3.02892,2.890672102,3.098043949,2.793898573,2.959796051,,,,,0.019393972
,,2021/7/26 14:00,3.03536,3.014933196,3.045573402,3.000634433,3.025146598,,,,,-0.027427825
,,2021/7/26 15:00,3.00648,3.058481716,2.980479142,3.094882917,3.032480858,,,,,-0.104043233
,,2021/7/26 16:00,2.97307,3.058905352,2.930152324,3.118990099,3.015987676,,,,,-0.10709888
,,2021/7/26 17:00,2.9324,2.945221894,2.925989053,2.95419722,2.938810947,,,,,-0.058771301
,,2021/7/26 18:00,2.85016,2.845680959,2.852399521,2.84254563,2.847920479,,,,,0.064935748
,,2021/7/26 19:00,2.76414,2.716570922,2.787924539,2.683272568,2.740355461,,,,,-0.020556222
,,2021/7/26 20:00,2.68467,2.632461998,2.710774001,2.595916396,2.658565999,,,,,0.043603877
,,2021/7/26 21:00,2.63769,2.609569463,2.651750268,2.589885088,2.623629732,,,,,0.051381205
,,2021/7/26 22:00,2.58945,2.650449706,2.558950147,2.693149501,2.619949853,,,,,0.019690969
,,2021/7/26 23:00,2.53205,2.592028959,2.50206052,2.63401423,2.56203948,,,,,0.022903413
,,2021/7/27 0:00,2.4728,2.455976057,2.481211972,2.444199297,2.464388028,,,,,-0.097877906
,,2021/7/27 1:00,2.41525,2.473727767,2.386011116,2.514662204,2.444488884,,,,,-0.005424274
,,2021/7/27 2:00,2.36574,2.417723373,2.339748313,2.454111735,2.391731687,,,,,-0.061136117
,,2021/7/27 3:00,2.31899,2.228958377,2.364005812,2.16593624,2.273974188,,,,,-0.015189851
,,2021/7/27 4:00,2.27432,2.214212969,2.304373516,2.172138047,2.244266484,,,,,-0.005411941
,,2021/7/27 5:00,2.23009,2.166114357,2.262077822,2.121331406,2.198102178,,,,,-0.071256379
,,2021/7/27 6:00,2.17342,2.208166642,2.156046679,2.232489292,2.190793321,,,,,0.004553991
,,2021/7/27 7:00,2.11963,2.145939486,2.106475257,2.164356126,2.132784743,,,,,0.038755632
,,2021/7/27 8:00,2.07121,2.08343896,2.06509552,2.091999232,2.07732448,,,,,-0.012991158
,,2021/7/27 9:00,2.02068,1.975917555,2.043061222,1.944583844,1.998298778,,,,,0.03637001
,,2021/7/27 10:00,1.97832,1.967633766,1.983663117,1.960153402,1.972976883,,,,,0.00189649
,,2021/7/27 11:00,1.94593,1.86389942,1.98694529,1.806478014,1.90491471,,,,,0.055323798
,,2021/7/27 12:00,1.90938,1.870147413,1.928996294,1.842684602,1.889763706,,,,,0.049792372
,,2021/7/27 13:00,1.87106,1.796914857,1.908132571,1.745013257,1.833987429,,,,,0.037568978
,,2021/7/27 14:00,1.8403,1.803617876,1.858641062,1.777940389,1.821958938,,,,,-0.079539832
,,2021/7/27 15:00,1.82201,1.856241564,1.804894218,1.880203659,1.839125782,,,,,-0.023230508
,,2021/7/27 16:00,1.81071,1.843819568,1.794155216,1.866996265,1.827264784,,,,,0.036950501
,,2021/7/27 17:00,1.79967,1.75287395,1.823068025,1.720116714,1.776271975,,,,,-0.088227083
,,2021/7/27 18:00,1.7911,1.800788283,1.786255859,1.807570081,1.795944141,,,,,-0.062415355
,,2021/7/27 19:00,1.78815,1.704971606,1.829739197,1.646746731,1.746560803,,,,,-0.026565444
,,2021/7/27 20:00,1.77547,1.737385232,1.794512384,1.710725894,1.756427616,,,,,0.003989193
,,2021/7/27 21:00,1.76347,1.755818667,1.767295667,1.750462733,1.759644333,,,,,-0.005625825
,,2021/7/27 22:00,1.75367,1.724325106,1.768342447,1.70378368,1.738997553,,,,,-0.037253459
,,2021/7/27 23:00,1.74088,1.789375139,1.71663243,1.823321737,1.76512757,,,,,-0.060514068
,,2021/7/28 0:00,1.72515,1.677502639,1.74897368,1.644149487,1.70132632,,,,,0.013757259
,,2021/7/28 1:00,1.70313,1.730322228,1.689533886,1.749356787,1.716726114,,,,,0.038955381
,,2021/7/28 2:00,1.67705,1.667195096,1.681977452,1.660296663,1.672122548,,,,,0.013978575
,,2021/7/28 3:00,1.6448,1.618912921,1.65774354,1.600791966,1.63185646,,,,,-0.033208504
,,2021/7/28 4:00,1.61134,1.611686348,1.611166826,1.611928791,1.611513174,,,,,0.033521181
,,2021/7/28 5:00,1.57486,1.591914786,1.566332607,1.603853136,1.583387393,,,,,0.044952294
,,2021/7/28 6:00,1.53793,1.489590222,1.562099889,1.455752377,1.513760111,,,,,0.00282085
,,2021/7/28 7:00,1.50278,1.532119875,1.488110063,1.552657787,1.517449937,,,,,-0.074039636
,,2021/7/28 8:00,1.4708,1.46882885,1.471785575,1.467449046,1.469814425,,,,,-0.012128964
,,2021/7/28 9:00,1.44503,1.439576756,1.447756622,1.435759485,1.442303378,,,,,-0.03863287
,,2021/7/28 10:00,1.42647,1.389905906,1.444752047,1.364311041,1.408187953,,,,,0.019738876
,,2021/7/28 11:00,1.41361,1.371853327,1.434488337,1.342623656,1.392731663,,,,,-0.038107054
,,2021/7/28 12:00,1.4072,1.343824967,1.438887517,1.299462444,1.375512483,,,,,-0.022233353
,,2021/7/28 13:00,1.40566,1.398603645,1.409188178,1.393664196,1.402131822,,,,,0.001180617
,,2021/7/28 14:00,1.40245,1.397066686,1.405141657,1.393298366,1.399758343,,,,,-0.04958792
,,2021/7/28 15:00,1.39319,1.329338684,1.425115658,1.284642762,1.361264342,,,,,0.014051227
,,2021/7/28 16:00,1.38282,1.390801118,1.378829441,1.3963879,1.386810559,,,,,0.01867221
,,2021/7/28 17:00,1.36699,1.307045302,1.396962349,1.265084014,1.337017651,,,,,0.034076978
,,2021/7/28 18:00,1.35061,1.388373481,1.331728259,1.414807918,1.369491741,,,,,-0.033337178
,,2021/7/28 19:00,1.33265,1.301101466,1.348424267,1.279017492,1.316875733,,,,,-0.003524153
,,2021/7/28 20:00,1.31497,1.280410873,1.332249563,1.256219485,1.297690437,,,,,0.030179192
,,2021/7/28 21:00,1.29868,1.321644276,1.287197862,1.33771927,1.310162138,,,,,0.027589157
,,2021/7/28 22:00,1.28633,1.270364635,1.294312682,1.25918888,1.278347318,,,,,0.003929385
,,2021/7/28 23:00,1.27611,1.308046483,1.260141758,1.330402021,1.292078242,,,,,0.034435418
,,2021/7/29 0:00,1.2666,1.297747268,1.251026366,1.319550355,1.282173634,,,,,0.0128451
,,2021/7/29 1:00,1.2592,1.266922585,1.255338707,1.272328395,1.263061293,,,,,0.035346598
,,2021/7/29 2:00,1.24971,1.210927045,1.269101478,1.183778976,1.230318522,,,,,-0.044725262
,,2021/7/29 3:00,1.23768,1.270816752,1.221111624,1.294012478,1.254248376,,,,,-0.000278259
,,2021/7/29 4:00,1.2232,1.19221821,1.238690895,1.170530957,1.207709105,,,,,0.010013882
,,2021/7/29 5:00,1.2075,1.235571292,1.193464354,1.255221196,1.221535646,,,,,-0.000691347
,,2021/7/29 6:00,1.19478,1.1473524,1.2184938,1.11415308,1.1710662,,,,,-0.02443751
,,2021/7/29 7:00,1.18255,1.136746658,1.205451671,1.104684319,1.159648329,,,,,-0.003385962
,,2021/7/29 8:00,1.17336,1.192604237,1.163737882,1.206075202,1.182982118,,,,,0.034271784
,,2021/7/29 9:00,1.16798,1.172420727,1.165759636,1.175529237,1.170200364,,,,,0.013917414
,,2021/7/29 10:00,1.1658,1.111972621,1.192713689,1.074293456,1.138886311,,,,,-0.026135543
,,2021/7/29 11:00,1.16445,1.187397106,1.152976447,1.203460081,1.175923553,,,,,-0.002832165
,,2021/7/29 12:00,1.15537,1.174885245,1.145612377,1.188545917,1.165127623,,,,,0.030235877
,,2021/7/29 13:00,1.14399,1.164055684,1.133957158,1.178101663,1.154022842,,,,,0.01346066
,,2021/7/29 14:00,1.12893,1.127287349,1.129751325,1.126137494,1.128108675,,,,,0.024788433
,,2021/7/29 15:00,1.11623,1.091000745,1.128844627,1.073340267,1.103615373,,,,,0.012677771
,,2021/7/29 16:00,1.10822,1.116561938,1.104049031,1.122401294,1.112390969,,,,,-0.011363142
,,2021/7/29 17:00,1.10131,1.085138653,1.109395673,1.07381871,1.093224327,,,,,-0.037366327
,,2021/7/29 18:00,1.09308,1.058704843,1.110267579,1.034642233,1.075892421,,,,,-0.002513142
,,2021/7/29 19:00,1.08875,1.114647479,1.075801261,1.132775714,1.101698739,,,,,-0.015256249
,,2021/7/29 20:00,1.08441,1.04917639,1.102026805,1.024512863,1.066793195,,,,,-0.008227362
,,2021/7/29 21:00,1.09305,1.082129308,1.098510346,1.074484823,1.087589654,,,,,0.021818606
,,2021/7/29 22:00,1.10942,1.08505698,1.12160151,1.068002866,1.09723849,,,,,0.005655314
,,2021/7/29 23:00,1.12291,1.11834125,1.125194375,1.115143125,1.120625625,,,,,0.002261233
,,2021/7/30 0:00,1.12556,1.157086088,1.109796956,1.179154349,1.141323044,,,,,0.004046941
,,2021/7/30 1:00,1.12539,1.107270617,1.134449691,1.094587049,1.116330309,,,,,0.01978444
,,2021/7/30 2:00,1.12445,1.155363897,1.108993052,1.177003624,1.139906948,,,,,-0.007656199
,,2021/7/30 3:00,1.12254,1.143326667,1.112146666,1.157877335,1.132933334,,,,,0.026535335
,,2021/7/30 4:00,1.11809,1.126511931,1.113879035,1.132407283,1.122300965,,,,,-0.023515957
,,2021/7/30 5:00,1.11863,1.118302706,1.118793647,1.1180736,1.118466353,,,,,-0.014687397
,,2021/7/30 6:00,1.10825,1.062131699,1.131309151,1.029848888,1.085190849,,,,,-0.034162945
,,2021/7/30 7:00,1.0984,1.088562468,1.103318766,1.081676196,1.093481234,,,,,0.007535846
,,2021/7/30 8:00,1.08634,1.032467475,1.113276263,0.994756707,1.059403737,,,,,-0.028438232
,,2021/7/30 9:00,1.08936,1.088400359,1.08983982,1.087728611,1.08888018,,,,,0.01495616
,,2021/7/30 10:00,1.1009,1.120112444,1.091293778,1.133561156,1.110506222,,,,,0.022447084
,,2021/7/30 11:00,1.10202,1.08022568,1.11291716,1.064969656,1.09112284,,,,,0.018362297
,,2021/7/30 12:00,1.09188,1.12007588,1.07778206,1.139812996,1.10597794,,,,,-0.010720543
,,2021/7/30 13:00,1.08639,1.115081142,1.072044429,1.135164942,1.100735571,,,,,-0.048264666
,,2021/7/30 14:00,1.07948,1.064248919,1.087095541,1.053587162,1.071864459,,,,,0.010634215
,,2021/7/30 15:00,1.0678,1.047067922,1.078166039,1.032555467,1.057433961,,,,,-0.012245668
,,2021/7/30 16:00,1.05444,1.030227451,1.066546275,1.013278666,1.042333725,,,,,-0.035045896
,,2021/7/30 17:00,1.04531,1.011884997,1.062022501,0.988487496,1.028597499,,,,,0.023536304
,,2021/7/30 18:00,1.03291,1.019075814,1.039827093,1.009391884,1.025992907,,,,,0.02380702
,,2021/7/30 19:00,1.02448,1.033159265,1.020140368,1.03923475,1.028819632,,,,,-0.037253816
,,2021/7/30 20:00,1.03111,1.036494538,1.028417731,1.040263714,1.033802269,,,,,0.019302274
,,2021/7/30 21:00,1.02966,0.986511589,1.051234206,0.956307701,1.008085794,,,,,-0.021559431
,,2021/7/30 22:00,1.02628,0.97673684,1.05105158,0.942056628,1.00150842,,,,,0.004078383
,,2021/7/30 23:00,1.02081,0.977575338,1.042427331,0.947311074,0.999192669,,,,,-0.012983398
,,2021/7/31 0:00,1.00487,1.003164813,1.005722594,1.001971182,1.004017406,,,,,0.01892464
,,2021/7/31 1:00,1.0105,0.980098859,1.02570057,0.95881806,0.99529943,,,,,-0.005939227
,,2021/7/31 2:00,1.00771,1.002313994,1.010408003,0.99853679,1.005011997,,,,,-0.023179873
,,2021/7/31 3:00,0.99749,0.97896677,1.006751615,0.966000508,0.988228385,,,,,-0.047353349
,,2021/7/31 4:00,0.98819,0.974363879,0.995103061,0.964685594,0.981276939,,,,,-0.023662479
,,2021/7/31 5:00,0.9787,0.981349537,0.977375232,0.983204212,0.980024768,,,,,0.000417107
,,2021/7/31 6:00,0.96755,0.976386097,0.963131951,0.982571365,0.971968049,,,,,-0.006514512
,,2021/7/31 7:00,0.95884,0.918220406,0.979149797,0.88978669,0.938530203,,,,,0.01544714
,,2021/7/31 8:00,0.95243,0.975587873,0.940851064,0.991798384,0.964008936,,,,,-0.017761241
,,2021/7/31 9:00,0.94816,0.926260989,0.959109505,0.910931682,0.937210495,,,,,0.022520568
,,2021/7/31 10:00,0.94733,0.936095999,0.952947,0.928232198,0.941713,,,,,-0.037585361
,,2021/7/31 11:00,0.95154,0.978577907,0.938021046,0.997504442,0.965058954,,,,,0.008988346
,,2021/7/31 12:00,0.96003,0.953357086,0.963366457,0.948686047,0.956693543,,,,,0.013707991
,,2021/7/31 13:00,0.96535,0.968952997,0.963548501,0.971475095,0.967151499,,,,,-0.010867773
,,2021/7/31 14:00,0.96436,0.943566968,0.974756516,0.929011846,0.953963484,,,,,-0.0060522
,,2021/7/31 15:00,0.96052,0.921697924,0.979931038,0.89452247,0.941108962,,,,,-0.00930058
,,2021/7/31 16:00,0.9577,0.961216365,0.955941817,0.963677821,0.959458183,,,,,-0.02597916
,,2021/7/31 17:00,0.97032,0.944442902,0.983258549,0.926328934,0.957381451,,,,,-0.000255421
,,2021/7/31 18:00,0.96969,0.980495332,0.964287334,0.988059064,0.975092666,,,,,-0.007455503
,,2021/7/31 19:00,0.9639,0.917143858,0.987278071,0.884414559,0.940521929,,,,,-0.009130736
,,2021/7/31 20:00,0.96146,0.94195165,0.971214175,0.928295805,0.951705825,,,,,0.026111475
,,2021/7/31 21:00,0.96208,0.957160532,0.964539734,0.953716904,0.959620266,,,,,0.02093322
,,2021/7/31 22:00,0.96763,0.960703962,0.971093019,0.955855735,0.964166981,,,,,0.008825427
,,2021/7/31 23:00,0.97842,0.966931668,0.984164166,0.958889836,0.972675834,,,,,-0.010584171
,,2021/8/1 0:00,0.99028,0.98057901,0.995130495,0.973788316,0.985429505,,,,,0.021144412
,,2021/8/1 1:00,1.00138,0.959641435,1.022249282,0.93042444,0.980510718,,,,,-0.003142215
,,2021/8/1 2:00,1.0097,1.020126387,1.004486806,1.027424858,1.014913194,,,,,0.010675168
,,2021/8/1 3:00,1.01735,1.028962739,1.011543631,1.037091656,1.023156369,,,,,-0.001848223
,,2021/8/1 4:00,1.02351,0.974657696,1.047936152,0.940461083,0.999083848,,,,,0.011264766
,,2021/8/1 5:00,1.02603,0.991784612,1.043152694,0.967812841,1.008907306,,,,,-0.015866483
,,2021/8/1 6:00,1.02646,0.986033283,1.046673359,0.957734581,1.006246641,,,,,-0.025019942
,,2021/8/1 7:00,1.02527,1.051631439,1.012089281,1.070084446,1.038450719,,,,,-0.029099852
