No.,Hi,T,h,hv,bv,Nv,CD
R1,0.025 ,1.61 ,0.45,0.2,0.0100 ,1024 ,0.901 
R2,0.038 ,1.61 ,0.45,0.2,0.0100 ,1024 ,0.592 
R3,0.053 ,1.61 ,0.45,0.2,0.0100 ,1024 ,0.401 
R4,0.063 ,1.61 ,0.45,0.2,0.0100 ,1024 ,0.297 
R5,0.076 ,1.61 ,0.45,0.2,0.0100 ,1024 ,0.189 
R6,0.097 ,1.61 ,0.45,0.2,0.0100 ,1024 ,0.251 
R7,0.036 ,1.26 ,0.45,0.2,0.0100 ,1024 ,1.305 
R8,0.054 ,1.26 ,0.45,0.2,0.0100 ,1024 ,0.874 
R9,0.075 ,1.26 ,0.45,0.2,0.0100 ,1024 ,0.581 
R10,0.096 ,1.26 ,0.45,0.2,0.0100 ,1024 ,0.323 
R11,0.127 ,1.26 ,0.45,0.2,0.0100 ,1024 ,0.271 
R12,0.038 ,1.01 ,0.45,0.2,0.0100 ,1024 ,1.036 
R13,0.061 ,1.01 ,0.45,0.2,0.0100 ,1024 ,0.939 
R14,0.087 ,1.01 ,0.45,0.2,0.0100 ,1024 ,0.627 
R15,0.126 ,1.01 ,0.45,0.2,0.0100 ,1024 ,0.496 
R16,0.137 ,1.01 ,0.45,0.2,0.0100 ,1024 ,0.311 
R17,0.142 ,1.01 ,0.45,0.2,0.0100 ,1024 ,0.292 
R18,0.038 ,0.81 ,0.45,0.2,0.0100 ,1024 ,2.264 
R19,0.060 ,0.81 ,0.45,0.2,0.0100 ,1024 ,1.812 
R20,0.074 ,0.81 ,0.45,0.2,0.0100 ,1024 ,1.349 
R21,0.103 ,0.81 ,0.45,0.2,0.0100 ,1024 ,1.322 
R22,0.033 ,1.61 ,0.37,0.2,0.0100 ,1024 ,0.859 
R23,0.038 ,1.61 ,0.37,0.2,0.0100 ,1024 ,0.779 
R24,0.048 ,1.61 ,0.37,0.2,0.0100 ,1024 ,0.643 
R25,0.062 ,1.61 ,0.37,0.2,0.0100 ,1024 ,0.530 
R26,0.069 ,1.61 ,0.37,0.2,0.0100 ,1024 ,0.448 
R27,0.042 ,1.26 ,0.37,0.2,0.0100 ,1024 ,0.390 
R28,0.048 ,1.26 ,0.37,0.2,0.0100 ,1024 ,0.357 
R29,0.066 ,1.26 ,0.37,0.2,0.0100 ,1024 ,0.284 
R30,0.086 ,1.26 ,0.37,0.2,0.0100 ,1024 ,0.208 
R31,0.090 ,1.26 ,0.37,0.2,0.0100 ,1024 ,0.197 
R32,0.046 ,1.01 ,0.37,0.2,0.0100 ,1024 ,0.378 
R33,0.053 ,1.01 ,0.37,0.2,0.0100 ,1024 ,0.305 
R34,0.079 ,1.01 ,0.37,0.2,0.0100 ,1024 ,0.322 
R35,0.090 ,1.01 ,0.37,0.2,0.0100 ,1024 ,0.278 
R36,0.094 ,1.01 ,0.37,0.2,0.0100 ,1024 ,0.314 
R37,0.056 ,0.81 ,0.37,0.2,0.0100 ,1024 ,0.754 
R38,0.064 ,0.81 ,0.37,0.2,0.0100 ,1024 ,0.580 
R39,0.088 ,0.81 ,0.37,0.2,0.0100 ,1024 ,0.431 
R40,0.099 ,0.81 ,0.37,0.2,0.0100 ,1024 ,0.322 
R41,0.104 ,0.81 ,0.37,0.2,0.0100 ,1024 ,0.320 
R42,0.045 ,0.61 ,0.37,0.2,0.0100 ,1024 ,4.049 
R43,0.054 ,0.61 ,0.37,0.2,0.0100 ,1024 ,4.384 
R44,0.065 ,0.61 ,0.37,0.2,0.0100 ,1024 ,3.365 
R45,0.067 ,0.61 ,0.37,0.2,0.0100 ,1024 ,4.134 
R46,0.066 ,0.61 ,0.37,0.2,0.0100 ,1024 ,3.454 
R47,0.020 ,1.61 ,0.29,0.2,0.0100 ,1024 ,0.688 
R48,0.025 ,1.61 ,0.29,0.2,0.0100 ,1024 ,0.581 
R49,0.032 ,1.61 ,0.29,0.2,0.0100 ,1024 ,0.453 
R50,0.037 ,1.61 ,0.29,0.2,0.0100 ,1024 ,0.453 
R51,0.028 ,1.26 ,0.29,0.2,0.0100 ,1024 ,0.300 
R52,0.036 ,1.26 ,0.29,0.2,0.0100 ,1024 ,0.255 
R53,0.050 ,1.26 ,0.29,0.2,0.0100 ,1024 ,0.265 
R54,0.053 ,1.26 ,0.29,0.2,0.0100 ,1024 ,0.274 
R55,0.036 ,1.01 ,0.29,0.2,0.0100 ,1024 ,0.371 
R56,0.048 ,1.01 ,0.29,0.2,0.0100 ,1024 ,0.318 
R57,0.057 ,1.01 ,0.29,0.2,0.0100 ,1024 ,0.279 
R58,0.059 ,1.01 ,0.29,0.2,0.0100 ,1024 ,0.285 
R59,0.041 ,0.81 ,0.29,0.2,0.0100 ,1024 ,0.387 
R60,0.055 ,0.81 ,0.29,0.2,0.0100 ,1024 ,0.269 
R61,0.063 ,0.81 ,0.29,0.2,0.0100 ,1024 ,0.259 
R62,0.071 ,0.81 ,0.29,0.2,0.0100 ,1024 ,0.268 
R63,0.039 ,0.61 ,0.29,0.2,0.0100 ,1024 ,0.500 
R64,0.051 ,0.61 ,0.29,0.2,0.0100 ,1024 ,0.378 
R65,0.061 ,0.61 ,0.29,0.2,0.0100 ,1024 ,0.293 
R66,0.065 ,0.61 ,0.29,0.2,0.0100 ,1024 ,0.306 
R67,0.188 ,2.10 ,2.00 ,0.7,0.0013 ,1225 ,2.431 
R68,0.194 ,2.90 ,2.00 ,0.7,0.0013 ,1225 ,1.636 
R69,0.196 ,2.90 ,2.00 ,0.7,0.0013 ,1225 ,1.627 
R70,0.278 ,2.50 ,2.00 ,0.7,0.0013 ,1225 ,1.494 
R71,0.300 ,3.60 ,2.00 ,0.7,0.0013 ,1225 ,0.997 
R72,0.378 ,2.90 ,2.00 ,0.7,0.0013 ,1225 ,0.910 
R73,0.408 ,4.11 ,2.00 ,0.7,0.0013 ,1225 ,0.542 
R74,0.586 ,3.61 ,2.00 ,0.7,0.0013 ,1225 ,0.336 
R75,0.705 ,5.10 ,2.00 ,0.7,0.0013 ,1225 ,0.324 
R76,0.892 ,4.11 ,2.00 ,0.7,0.0013 ,1225 ,0.282 
R77,0.15,1.40 ,0.6,0.3,0.0050 ,1111 ,0.568 
R78,0.15,1.60 ,0.6,0.3,0.0050 ,1111 ,0.350 
R79,0.15,1.80 ,0.6,0.3,0.0050 ,1111 ,0.448 
R80,0.15,2.00 ,0.6,0.3,0.0050 ,1111 ,0.270 
R81,0.1,1.80 ,0.6,0.3,0.0050 ,1111 ,0.581 
R82,0.2,1.80 ,0.6,0.3,0.0050 ,1111 ,0.390 
R83,0.15,1.40 ,0.5,0.3,0.0050 ,1111 ,0.316 
R84,0.15,1.60 ,0.5,0.3,0.0050 ,1111 ,0.223 
R85,0.15,1.80 ,0.5,0.3,0.0050 ,1111 ,0.394 
R86,0.15,2.00 ,0.5,0.3,0.0050 ,1111 ,0.277 
R87,0.1,1.80 ,0.5,0.3,0.0050 ,1111 ,0.471 
R88,0.2,1.80 ,0.5,0.3,0.0050 ,1111 ,0.229 
R89,0.15,1.40 ,0.4,0.3,0.0050 ,1111 ,0.206 
R90,0.15,1.60 ,0.4,0.3,0.0050 ,1111 ,0.281 
R91,0.15,1.80 ,0.4,0.3,0.0050 ,1111 ,0.155 
R92,0.15,2.00 ,0.4,0.3,0.0050 ,1111 ,0.329 
R93,0.1,1.80 ,0.4,0.3,0.0050 ,1111 ,0.232 
R94,0.12,1.80 ,0.4,0.3,0.0050 ,1111 ,0.281 
R95,0.1,1.40 ,0.3,0.3,0.0050 ,1111 ,0.284 
R96,0.1,1.60 ,0.3,0.3,0.0050 ,1111 ,0.345 
R97,0.1,1.80 ,0.3,0.3,0.0050 ,1111 ,0.316 
R98,0.1,2.00 ,0.3,0.3,0.0050 ,1111 ,0.319 
R99,0.08,1.80 ,0.3,0.3,0.0050 ,1111 ,0.326 
R100,0.12,1.80 ,0.3,0.3,0.0050 ,1111 ,0.174 
R101,0.0301,0.90 ,0.5,0.48,0.0094 ,350 ,2.813 
R102,0.0322,0.70 ,0.5,0.48,0.0094 ,350 ,1.990 
R103,0.0322,1.00 ,0.5,0.48,0.0094 ,350 ,3.954 
R104,0.0334,0.95 ,0.5,0.48,0.0094 ,350 ,2.803 
R105,0.0374,0.75 ,0.5,0.48,0.0094 ,350 ,2.021 
R106,0.0363,1.00 ,0.5,0.48,0.0094 ,350 ,3.545 
R107,0.0413,0.80 ,0.5,0.48,0.0094 ,350 ,1.760 
R108,0.0405,1.00 ,0.5,0.48,0.0094 ,350 ,3.067 
R109,0.0473,0.85 ,0.5,0.48,0.0094 ,350 ,1.409 
R110,0.0491,1.00 ,0.5,0.48,0.0094 ,350 ,2.473 
R111,0.052,0.70 ,0.5,0.48,0.0094 ,350 ,1.370 
R112,0.0507,0.90 ,0.5,0.48,0.0094 ,350 ,1.654 
R113,0.0574,0.95 ,0.5,0.48,0.0094 ,350 ,1.680 
R114,0.0599,0.75 ,0.5,0.48,0.0094 ,350 ,1.212 
R115,0.0577,1.00 ,0.5,0.48,0.0094 ,350 ,2.093 
R116,0.062,1.00 ,0.5,0.48,0.0094 ,350 ,1.826 
R117,0.0675,0.70 ,0.5,0.48,0.0094 ,350 ,1.016 
R118,0.0677,0.75 ,0.5,0.48,0.0094 ,350 ,1.070 
R119,0.0669,0.80 ,0.5,0.48,0.0094 ,350 ,1.099 
R120,0.067,0.85 ,0.5,0.48,0.0094 ,350 ,0.866 
R121,0.0658,0.90 ,0.5,0.48,0.0094 ,350 ,1.234 
R122,0.0667,1.00 ,0.5,0.48,0.0094 ,350 ,1.705 
R123,0.0688,1.10 ,0.5,0.48,0.0094 ,350 ,1.836 
R124,0.0739,0.85 ,0.5,0.48,0.0094 ,350 ,0.702 
R125,0.0846,1.00 ,0.5,0.48,0.0094 ,350 ,1.665 
R126,0.0911,0.95 ,0.5,0.48,0.0094 ,350 ,1.392 
R127,0.1012,1.00 ,0.5,0.48,0.0094 ,350 ,1.006 
R128,0.1014,1.00 ,0.5,0.48,0.0094 ,350 ,0.994 
R129,0.0335,0.70 ,0.6,0.48,0.0094 ,350 ,6.235 
R130,0.0322,0.90 ,0.6,0.48,0.0094 ,350 ,4.719 
R131,0.0342,1.00 ,0.6,0.48,0.0094 ,350 ,7.615 
R132,0.0352,0.95 ,0.6,0.48,0.0094 ,350 ,5.126 
R133,0.0383,0.75 ,0.6,0.48,0.0094 ,350 ,5.686 
R134,0.0389,1.00 ,0.6,0.48,0.0094 ,350 ,6.747 
R135,0.0428,0.80 ,0.6,0.48,0.0094 ,350 ,4.097 
R136,0.0425,1.10 ,0.6,0.48,0.0094 ,350 ,5.561 
R137,0.0485,0.85 ,0.6,0.48,0.0094 ,350 ,5.414 
R138,0.0512,1.00 ,0.6,0.48,0.0094 ,350 ,4.641 
R139,0.0541,0.90 ,0.6,0.48,0.0094 ,350 ,2.755 
R140,0.0592,0.95 ,0.6,0.48,0.0094 ,350 ,2.871 
R141,0.0653,1.00 ,0.6,0.48,0.0094 ,350 ,3.697 
R142,0.0697,0.75 ,0.6,0.48,0.0094 ,350 ,2.841 
R143,0.0685,0.80 ,0.6,0.48,0.0094 ,350 ,1.798 
R144,0.0695,0.85 ,0.6,0.48,0.0094 ,350 ,1.642 
R145,0.0675,0.90 ,0.6,0.48,0.0094 ,350 ,1.882 
R146,0.0684,1.00 ,0.6,0.48,0.0094 ,350 ,2.956 
R147,0.0634,1.10 ,0.6,0.48,0.0094 ,350 ,3.074 
R148,0.0768,1.00 ,0.6,0.48,0.0094 ,350 ,2.678 
R149,0.0727,1.10 ,0.6,0.48,0.0094 ,350 ,2.789 
R150,0.1006,1.00 ,0.6,0.48,0.0094 ,350 ,1.653 
R151,0.1169,1.00 ,0.6,0.48,0.0094 ,350 ,1.369 
R152,0.0536,0.70 ,0.6,0.48,0.0094 ,350 ,3.262 
R153,0.0613,0.75 ,0.6,0.48,0.0094 ,350 ,3.376 
R154,0.0686,0.80 ,0.6,0.48,0.0094 ,350 ,1.974 
R155,0.077,0.85 ,0.6,0.48,0.0094 ,350 ,1.491 
R156,0.083,0.90 ,0.6,0.48,0.0094 ,350 ,1.553 
R157,0.1029,1.00 ,0.6,0.48,0.0094 ,350 ,1.559 
R158,0.1154,1.10 ,0.6,0.48,0.0094 ,350 ,1.664 
R159,0.0318,0.90 ,0.7,0.48,0.0094 ,350 ,10.293 
R160,0.0335,1.00 ,0.7,0.48,0.0094 ,350 ,10.668 
R161,0.0387,1.00 ,0.7,0.48,0.0094 ,350 ,12.177 
R162,0.0428,0.80 ,0.7,0.48,0.0094 ,350 ,8.815 
R163,0.0418,1.00 ,0.7,0.48,0.0094 ,350 ,8.656 
R164,0.0447,1.10 ,0.7,0.48,0.0094 ,350 ,8.736 
R165,0.0543,0.90 ,0.7,0.48,0.0094 ,350 ,4.926 
R166,0.0603,0.95 ,0.7,0.48,0.0094 ,350 ,6.104 
R167,0.0593,1.00 ,0.7,0.48,0.0094 ,350 ,5.703 
R168,0.0659,1.00 ,0.7,0.48,0.0094 ,350 ,5.956 
R169,0.0688,0.80 ,0.7,0.48,0.0094 ,350 ,7.384 
R170,0.0678,0.90 ,0.7,0.48,0.0094 ,350 ,2.607 
R171,0.068,1.00 ,0.7,0.48,0.0094 ,350 ,4.211 
R172,0.0649,1.10 ,0.7,0.48,0.0094 ,350 ,4.083 
R173,0.0771,1.00 ,0.7,0.48,0.0094 ,350 ,4.299 
R174,0.0752,1.10 ,0.7,0.48,0.0094 ,350 ,4.336 
R175,0.0851,1.00 ,0.7,0.48,0.0094 ,350 ,4.237 
R176,0.0829,0.90 ,0.7,0.48,0.0094 ,350 ,3.687 
R177,0.0811,1.60 ,0.7,0.48,0.0094 ,350 ,4.828 
R178,0.0831,1.20 ,0.7,0.48,0.0094 ,350 ,2.301 
R179,0.1001,1.00 ,0.7,0.48,0.0094 ,350 ,3.170 
R180,0.103,1.00 ,0.7,0.48,0.0094 ,350 ,3.961 
R181,0.1154,1.00 ,0.7,0.48,0.0094 ,350 ,3.159 
R182,0.116,1.10 ,0.7,0.48,0.0094 ,350 ,2.174 
R183,0.0301,0.90 ,0.5,0.59,0.0065 ,405 ,15.206 
R184,0.0322,0.70 ,0.5,0.59,0.0065 ,405 ,11.940 
R185,0.0322,1.00 ,0.5,0.59,0.0065 ,405 ,11.472 
R186,0.0374,0.75 ,0.5,0.59,0.0065 ,405 ,11.340 
R187,0.0413,0.80 ,0.5,0.59,0.0065 ,405 ,10.613 
R188,0.0405,1.00 ,0.5,0.59,0.0065 ,405 ,9.912 
R189,0.0473,0.85 ,0.5,0.59,0.0065 ,405 ,8.987 
R190,0.0491,1.00 ,0.5,0.59,0.0065 ,405 ,8.528 
R191,0.052,0.70 ,0.5,0.59,0.0065 ,405 ,9.197 
R192,0.0507,0.90 ,0.5,0.59,0.0065 ,405 ,7.882 
R193,0.0574,0.95 ,0.5,0.59,0.0065 ,405 ,7.408 
R194,0.0599,0.75 ,0.5,0.59,0.0065 ,405 ,7.881 
R195,0.0577,1.00 ,0.5,0.59,0.0065 ,405 ,7.430 
R196,0.062,1.00 ,0.5,0.59,0.0065 ,405 ,7.284 
R197,0.0675,0.70 ,0.5,0.59,0.0065 ,405 ,5.849 
R198,0.0677,0.75 ,0.5,0.59,0.0065 ,405 ,6.333 
R199,0.0669,0.80 ,0.5,0.59,0.0065 ,405 ,5.899 
R200,0.067,0.85 ,0.5,0.59,0.0065 ,405 ,5.564 
R201,0.0658,0.90 ,0.5,0.59,0.0065 ,405 ,5.936 
R202,0.0667,1.00 ,0.5,0.59,0.0065 ,405 ,6.682 
R203,0.0619,1.10 ,0.5,0.59,0.0065 ,405 ,6.422 
R204,0.0688,1.10 ,0.5,0.59,0.0065 ,405 ,6.488 
R205,0.0739,0.85 ,0.5,0.59,0.0065 ,405 ,5.180 
R206,0.0846,1.00 ,0.5,0.59,0.0065 ,405 ,6.324 
R207,0.0911,0.95 ,0.5,0.59,0.0065 ,405 ,5.517 
R208,0.1012,1.00 ,0.5,0.59,0.0065 ,405 ,4.476 
R209,0.1014,1.00 ,0.5,0.59,0.0065 ,405 ,4.369 
R210,0.0335,0.70 ,0.6,0.59,0.0065 ,405 ,12.381 
R211,0.0322,0.90 ,0.6,0.59,0.0065 ,405 ,12.070 
R212,0.0342,1.00 ,0.6,0.59,0.0065 ,405 ,10.510 
R213,0.0352,0.95 ,0.6,0.59,0.0065 ,405 ,10.560 
R214,0.0318,1.20 ,0.6,0.59,0.0065 ,405 ,7.891 
R215,0.0383,0.75 ,0.6,0.59,0.0065 ,405 ,10.135 
R216,0.0389,1.00 ,0.6,0.59,0.0065 ,405 ,9.983 
R217,0.0428,0.80 ,0.6,0.59,0.0065 ,405 ,7.797 
R218,0.0425,1.10 ,0.6,0.59,0.0065 ,405 ,8.628 
R219,0.0485,0.85 ,0.6,0.59,0.0065 ,405 ,8.040 
R220,0.0512,1.00 ,0.6,0.59,0.0065 ,405 ,6.670 
R221,0.0541,0.90 ,0.6,0.59,0.0065 ,405 ,5.863 
R222,0.0485,1.20 ,0.6,0.59,0.0065 ,405 ,5.268 
R223,0.0592,0.95 ,0.6,0.59,0.0065 ,405 ,5.356 
R224,0.0653,1.00 ,0.6,0.59,0.0065 ,405 ,5.674 
R225,0.0685,0.70 ,0.6,0.59,0.0065 ,405 ,4.896 
R226,0.0697,0.75 ,0.6,0.59,0.0065 ,405 ,4.818 
R227,0.0685,0.80 ,0.6,0.59,0.0065 ,405 ,4.110 
R228,0.0695,0.85 ,0.6,0.59,0.0065 ,405 ,4.146 
R229,0.0675,0.90 ,0.6,0.59,0.0065 ,405 ,4.289 
R230,0.0684,1.00 ,0.6,0.59,0.0065 ,405 ,4.966 
R231,0.0634,1.10 ,0.6,0.59,0.0065 ,405 ,4.870 
R232,0.0768,1.00 ,0.6,0.59,0.0065 ,405 ,4.299 
R233,0.0727,1.10 ,0.6,0.59,0.0065 ,405 ,4.435 
R234,0.0844,1.00 ,0.6,0.59,0.0065 ,405 ,3.978 
R235,0.0825,1.20 ,0.6,0.59,0.0065 ,405 ,3.476 
R236,0.1006,1.00 ,0.6,0.59,0.0065 ,405 ,3.078 
R237,0.1169,1.00 ,0.6,0.59,0.0065 ,405 ,2.622 
R238,0.0374,0.60 ,0.6,0.59,0.0065 ,405 ,13.578 
R239,0.0536,0.70 ,0.6,0.59,0.0065 ,405 ,7.230 
R240,0.0613,0.75 ,0.6,0.59,0.0065 ,405 ,5.668 
R241,0.0686,0.80 ,0.6,0.59,0.0065 ,405 ,4.557 
R242,0.077,0.85 ,0.6,0.59,0.0065 ,405 ,3.665 
R243,0.083,0.90 ,0.6,0.59,0.0065 ,405 ,3.563 
R244,0.1029,1.00 ,0.6,0.59,0.0065 ,405 ,3.124 
R245,0.1154,1.10 ,0.6,0.59,0.0065 ,405 ,2.578 
R246,0.0335,1.00 ,0.7,0.59,0.0065 ,405 ,29.715 
R247,0.0353,0.95 ,0.7,0.59,0.0065 ,405 ,26.941 
R248,0.0387,1.00 ,0.7,0.59,0.0065 ,405 ,21.906 
R249,0.0428,0.80 ,0.7,0.59,0.0065 ,405 ,33.145 
R250,0.0418,1.00 ,0.7,0.59,0.0065 ,405 ,21.966 
R251,0.0481,0.85 ,0.7,0.59,0.0065 ,405 ,23.124 
R252,0.0447,1.10 ,0.7,0.59,0.0065 ,405 ,15.814 
R253,0.0543,0.90 ,0.7,0.59,0.0065 ,405 ,17.411 
R254,0.0484,1.20 ,0.7,0.59,0.0065 ,405 ,9.864 
R255,0.0608,0.75 ,0.7,0.59,0.0065 ,405 ,31.406 
R256,0.0603,0.95 ,0.7,0.59,0.0065 ,405 ,13.985 
R257,0.0593,1.00 ,0.7,0.59,0.0065 ,405 ,14.206 
R258,0.0659,1.00 ,0.7,0.59,0.0065 ,405 ,11.801 
R259,0.0691,0.75 ,0.7,0.59,0.0065 ,405 ,28.082 
R260,0.0688,0.80 ,0.7,0.59,0.0065 ,405 ,18.277 
R261,0.0682,0.85 ,0.7,0.59,0.0065 ,405 ,15.103 
R262,0.0678,0.90 ,0.7,0.59,0.0065 ,405 ,13.256 
R263,0.068,1.00 ,0.7,0.59,0.0065 ,405 ,11.690 
R264,0.0649,1.10 ,0.7,0.59,0.0065 ,405 ,10.060 
R265,0.0596,1.20 ,0.7,0.59,0.0065 ,405 ,7.621 
R266,0.0759,0.85 ,0.7,0.59,0.0065 ,405 ,12.012 
R267,0.0771,1.00 ,0.7,0.59,0.0065 ,405 ,10.524 
R268,0.0752,1.10 ,0.7,0.59,0.0065 ,405 ,8.347 
R269,0.0851,1.00 ,0.7,0.59,0.0065 ,405 ,8.995 
R270,0.0829,0.90 ,0.7,0.59,0.0065 ,405 ,9.458 
R271,0.0811,1.60 ,0.7,0.59,0.0065 ,405 ,4.266 
R272,0.0831,1.20 ,0.7,0.59,0.0065 ,405 ,5.771 
R273,0.1001,1.00 ,0.7,0.59,0.0065 ,405 ,6.755 
R274,0.103,1.00 ,0.7,0.59,0.0065 ,405 ,6.629 
R275,0.1154,1.00 ,0.7,0.59,0.0065 ,405 ,5.640 
R276,0.116,1.10 ,0.7,0.59,0.0065 ,405 ,4.180 
R277,0.0301,0.90 ,0.5,0.62,0.0051 ,545 ,6.317 
R278,0.0322,0.70 ,0.5,0.62,0.0051 ,545 ,4.672 
R279,0.0322,1.00 ,0.5,0.62,0.0051 ,545 ,6.400 
R280,0.0334,0.95 ,0.5,0.62,0.0051 ,545 ,5.657 
R281,0.0374,0.75 ,0.5,0.62,0.0051 ,545 ,4.622 
R282,0.0363,1.00 ,0.5,0.62,0.0051 ,545 ,6.083 
R283,0.0413,0.80 ,0.5,0.62,0.0051 ,545 ,3.683 
R284,0.0405,1.00 ,0.5,0.62,0.0051 ,545 ,5.197 
R285,0.0473,0.85 ,0.5,0.62,0.0051 ,545 ,3.259 
R286,0.0491,1.00 ,0.5,0.62,0.0051 ,545 ,4.334 
R287,0.052,0.70 ,0.5,0.62,0.0051 ,545 ,3.153 
R288,0.0507,0.90 ,0.5,0.62,0.0051 ,545 ,3.188 
R289,0.0574,0.95 ,0.5,0.62,0.0051 ,545 ,3.208 
R290,0.0599,0.75 ,0.5,0.62,0.0051 ,545 ,2.777 
R291,0.0577,1.00 ,0.5,0.62,0.0051 ,545 ,3.791 
R292,0.062,1.00 ,0.5,0.62,0.0051 ,545 ,3.394 
R293,0.0675,0.70 ,0.5,0.62,0.0051 ,545 ,2.287 
R294,0.0677,0.75 ,0.5,0.62,0.0051 ,545 ,2.332 
R295,0.0669,0.80 ,0.5,0.62,0.0051 ,545 ,2.377 
R296,0.067,0.85 ,0.5,0.62,0.0051 ,545 ,2.083 
R297,0.0658,0.90 ,0.5,0.62,0.0051 ,545 ,2.672 
R298,0.0667,1.00 ,0.5,0.62,0.0051 ,545 ,3.208 
R299,0.0619,1.10 ,0.5,0.62,0.0051 ,545 ,3.343 
R300,0.0688,1.10 ,0.5,0.62,0.0051 ,545 ,3.304 
R301,0.0739,0.85 ,0.5,0.62,0.0051 ,545 ,1.969 
R302,0.0846,1.00 ,0.5,0.62,0.0051 ,545 ,3.032 
R303,0.0911,0.95 ,0.5,0.62,0.0051 ,545 ,2.667 
R304,0.1012,1.00 ,0.5,0.62,0.0051 ,545 ,2.100 
R305,0.1014,1.00 ,0.5,0.62,0.0051 ,545 ,2.096 
R306,0.0335,0.70 ,0.6,0.62,0.0051 ,545 ,3.056 
R307,0.0322,0.90 ,0.6,0.62,0.0051 ,545 ,4.185 
R308,0.0342,1.00 ,0.6,0.62,0.0051 ,545 ,4.977 
R309,0.0352,0.95 ,0.6,0.62,0.0051 ,545 ,3.976 
R310,0.0383,0.75 ,0.6,0.62,0.0051 ,545 ,2.977 
R311,0.0389,1.00 ,0.6,0.62,0.0051 ,545 ,4.214 
R312,0.0428,0.80 ,0.6,0.62,0.0051 ,545 ,2.558 
R313,0.0425,1.10 ,0.6,0.62,0.0051 ,545 ,3.765 
R314,0.0485,0.85 ,0.6,0.62,0.0051 ,545 ,4.240 
R315,0.0512,1.00 ,0.6,0.62,0.0051 ,545 ,3.374 
R316,0.0541,0.90 ,0.6,0.62,0.0051 ,545 ,2.282 
R317,0.0592,0.95 ,0.6,0.62,0.0051 ,545 ,2.285 
R318,0.0653,1.00 ,0.6,0.62,0.0051 ,545 ,2.859 
R319,0.0685,0.70 ,0.6,0.62,0.0051 ,545 ,1.397 
R320,0.0697,0.75 ,0.6,0.62,0.0051 ,545 ,1.451 
R321,0.0685,0.80 ,0.6,0.62,0.0051 ,545 ,1.426 
R322,0.0695,0.85 ,0.6,0.62,0.0051 ,545 ,1.545 
R323,0.0675,0.90 ,0.6,0.62,0.0051 ,545 ,1.635 
R324,0.0684,1.00 ,0.6,0.62,0.0051 ,545 ,2.418 
R325,0.0634,1.10 ,0.6,0.62,0.0051 ,545 ,2.679 
R326,0.0768,1.00 ,0.6,0.62,0.0051 ,545 ,2.168 
R327,0.0727,1.10 ,0.6,0.62,0.0051 ,545 ,2.409 
R328,0.0825,1.20 ,0.6,0.62,0.0051 ,545 ,1.530 
R329,0.1006,1.00 ,0.6,0.62,0.0051 ,545 ,1.381 
R330,0.1169,1.00 ,0.6,0.62,0.0051 ,545 ,1.174 
R331,0.0374,0.60 ,0.6,0.62,0.0051 ,545 ,2.579 
R332,0.0536,0.70 ,0.6,0.62,0.0051 ,545 ,1.775 
R333,0.0613,0.75 ,0.6,0.62,0.0051 ,545 ,1.730 
R334,0.0686,0.80 ,0.6,0.62,0.0051 ,545 ,1.450 
R335,0.077,0.85 ,0.6,0.62,0.0051 ,545 ,1.347 
R336,0.083,0.90 ,0.6,0.62,0.0051 ,545 ,1.277 
R337,0.1029,1.00 ,0.6,0.62,0.0051 ,545 ,1.346 
R338,0.1154,1.10 ,0.6,0.62,0.0051 ,545 ,1.241 
R339,0.0324,0.70 ,0.7,0.62,0.0051 ,545 ,9.819 
R340,0.0318,0.90 ,0.7,0.62,0.0051 ,545 ,5.149 
R341,0.0335,1.00 ,0.7,0.62,0.0051 ,545 ,5.180 
R342,0.0353,0.95 ,0.7,0.62,0.0051 ,545 ,4.983 
R343,0.0381,0.75 ,0.7,0.62,0.0051 ,545 ,6.531 
R344,0.0387,1.00 ,0.7,0.62,0.0051 ,545 ,5.095 
R345,0.0428,0.80 ,0.7,0.62,0.0051 ,545 ,4.127 
R346,0.0418,1.00 ,0.7,0.62,0.0051 ,545 ,4.242 
R347,0.0481,0.85 ,0.7,0.62,0.0051 ,545 ,3.161 
R348,0.0447,1.10 ,0.7,0.62,0.0051 ,545 ,4.410 
R349,0.0523,0.70 ,0.7,0.62,0.0051 ,545 ,5.242 
R350,0.0543,0.90 ,0.7,0.62,0.0051 ,545 ,2.875 
R351,0.0608,0.75 ,0.7,0.62,0.0051 ,545 ,3.344 
R352,0.0603,0.95 ,0.7,0.62,0.0051 ,545 ,2.757 
R353,0.0593,1.00 ,0.7,0.62,0.0051 ,545 ,2.940 
R354,0.0659,1.00 ,0.7,0.62,0.0051 ,545 ,2.789 
R355,0.0679,0.70 ,0.7,0.62,0.0051 ,545 ,3.157 
R356,0.0691,0.75 ,0.7,0.62,0.0051 ,545 ,3.124 
R357,0.0688,0.80 ,0.7,0.62,0.0051 ,545 ,2.249 
R358,0.0682,0.85 ,0.7,0.62,0.0051 ,545 ,1.568 
R359,0.0678,0.90 ,0.7,0.62,0.0051 ,545 ,1.856 
R360,0.068,1.00 ,0.7,0.62,0.0051 ,545 ,2.476 
R361,0.0649,1.10 ,0.7,0.62,0.0051 ,545 ,2.573 
R362,0.0596,1.20 ,0.7,0.62,0.0051 ,545 ,1.761 
R363,0.0759,0.85 ,0.7,0.62,0.0051 ,545 ,1.725 
R364,0.0771,1.00 ,0.7,0.62,0.0051 ,545 ,2.461 
R365,0.0752,1.10 ,0.7,0.62,0.0051 ,545 ,2.361 
R366,0.0851,1.00 ,0.7,0.62,0.0051 ,545 ,2.209 
R367,0.0829,0.90 ,0.7,0.62,0.0051 ,545 ,1.802 
R368,0.0811,1.60 ,0.7,0.62,0.0051 ,545 ,1.589 
R369,0.0831,1.20 ,0.7,0.62,0.0051 ,545 ,1.890 
R370,0.1001,1.00 ,0.7,0.62,0.0051 ,545 ,2.022 
R371,0.103,1.00 ,0.7,0.62,0.0051 ,545 ,2.098 
R372,0.1154,1.00 ,0.7,0.62,0.0051 ,545 ,1.846 
R373,0.116,1.10 ,0.7,0.62,0.0051 ,545 ,1.590 
R374,0.0301,0.90 ,0.5,1.03,0.0024 ,2857 ,5.266 
R375,0.0322,0.70 ,0.5,1.03,0.0024 ,2857 ,4.046 
R376,0.0322,1.00 ,0.5,1.03,0.0024 ,2857 ,4.642 
R377,0.0334,0.95 ,0.5,1.03,0.0024 ,2857 ,4.521 
R378,0.0374,0.75 ,0.5,1.03,0.0024 ,2857 ,3.795 
R379,0.0373,0.60 ,0.5,1.03,0.0024 ,2857 ,3.954 
R380,0.0363,1.00 ,0.5,1.03,0.0024 ,2857 ,4.533 
R381,0.0413,0.80 ,0.5,1.03,0.0024 ,2857 ,3.694 
R382,0.0405,1.00 ,0.5,1.03,0.0024 ,2857 ,3.860 
R383,0.0473,0.85 ,0.5,1.03,0.0024 ,2857 ,3.486 
R384,0.0491,1.00 ,0.5,1.03,0.0024 ,2857 ,3.264 
R385,0.052,0.70 ,0.5,1.03,0.0024 ,2857 ,2.621 
R386,0.0426,1.20 ,0.5,1.03,0.0024 ,2857 ,3.473 
R387,0.0507,0.90 ,0.5,1.03,0.0024 ,2857 ,2.742 
R388,0.0574,0.95 ,0.5,1.03,0.0024 ,2857 ,2.530 
R389,0.0599,0.75 ,0.5,1.03,0.0024 ,2857 ,2.293 
R390,0.0577,1.00 ,0.5,1.03,0.0024 ,2857 ,2.748 
R391,0.062,1.00 ,0.5,1.03,0.0024 ,2857 ,2.406 
R392,0.0675,0.70 ,0.5,1.03,0.0024 ,2857 ,1.732 
R393,0.0677,0.75 ,0.5,1.03,0.0024 ,2857 ,1.940 
R394,0.0669,0.80 ,0.5,1.03,0.0024 ,2857 ,1.978 
R395,0.067,0.85 ,0.5,1.03,0.0024 ,2857 ,2.043 
R396,0.0658,0.90 ,0.5,1.03,0.0024 ,2857 ,2.136 
R397,0.0667,1.00 ,0.5,1.03,0.0024 ,2857 ,2.297 
R398,0.0619,1.10 ,0.5,1.03,0.0024 ,2857 ,2.562 
R399,0.0688,1.10 ,0.5,1.03,0.0024 ,2857 ,2.225 
R400,0.0739,0.85 ,0.5,1.03,0.0024 ,2857 ,1.789 
R401,0.0846,1.00 ,0.5,1.03,0.0024 ,2857 ,2.096 
R402,0.0911,0.95 ,0.5,1.03,0.0024 ,2857 ,1.758 
R403,0.1012,1.00 ,0.5,1.03,0.0024 ,2857 ,1.293 
R404,0.1014,1.00 ,0.5,1.03,0.0024 ,2857 ,1.280 
R405,0.0335,0.70 ,0.6,1.03,0.0024 ,2857 ,2.334 
R406,0.0322,0.90 ,0.6,1.03,0.0024 ,2857 ,3.364 
R407,0.0342,1.00 ,0.6,1.03,0.0024 ,2857 ,2.859 
R408,0.0352,0.95 ,0.6,1.03,0.0024 ,2857 ,3.107 
R409,0.0318,1.20 ,0.6,1.03,0.0024 ,2857 ,3.828 
R410,0.0383,0.75 ,0.6,1.03,0.0024 ,2857 ,2.280 
R411,0.0389,1.00 ,0.6,1.03,0.0024 ,2857 ,2.786 
R412,0.0428,0.80 ,0.6,1.03,0.0024 ,2857 ,2.074 
R413,0.0425,1.10 ,0.6,1.03,0.0024 ,2857 ,2.367 
R414,0.0485,0.85 ,0.6,1.03,0.0024 ,2857 ,1.810 
R415,0.0512,1.00 ,0.6,1.03,0.0024 ,2857 ,1.897 
R416,0.0541,0.90 ,0.6,1.03,0.0024 ,2857 ,1.626 
R417,0.0485,1.20 ,0.6,1.03,0.0024 ,2857 ,2.292 
R418,0.0592,0.95 ,0.6,1.03,0.0024 ,2857 ,1.501 
R419,0.0653,1.00 ,0.6,1.03,0.0024 ,2857 ,1.563 
R420,0.0685,0.70 ,0.6,1.03,0.0024 ,2857 ,1.046 
R421,0.0697,0.75 ,0.6,1.03,0.0024 ,2857 ,1.144 
R422,0.0685,0.80 ,0.6,1.03,0.0024 ,2857 ,1.151 
R423,0.0695,0.85 ,0.6,1.03,0.0024 ,2857 ,1.177 
R424,0.0675,0.90 ,0.6,1.03,0.0024 ,2857 ,1.166 
R425,0.0684,1.00 ,0.6,1.03,0.0024 ,2857 ,1.337 
R426,0.0634,1.10 ,0.6,1.03,0.0024 ,2857 ,1.585 
R427,0.0768,1.00 ,0.6,1.03,0.0024 ,2857 ,1.186 
R428,0.0727,1.10 ,0.6,1.03,0.0024 ,2857 ,1.394 
R429,0.0844,1.00 ,0.6,1.03,0.0024 ,2857 ,1.910 
R430,0.0825,1.20 ,0.6,1.03,0.0024 ,2857 ,1.325 
R431,0.1006,1.00 ,0.6,1.03,0.0024 ,2857 ,0.826 
R432,0.1169,1.00 ,0.6,1.03,0.0024 ,2857 ,0.683 
R433,0.0374,0.60 ,0.6,1.03,0.0024 ,2857 ,2.314 
R434,0.0536,0.70 ,0.6,1.03,0.0024 ,2857 ,1.537 
R435,0.0613,0.75 ,0.6,1.03,0.0024 ,2857 ,1.355 
R436,0.0686,0.80 ,0.6,1.03,0.0024 ,2857 ,1.187 
R437,0.077,0.85 ,0.6,1.03,0.0024 ,2857 ,1.010 
R438,0.083,0.90 ,0.6,1.03,0.0024 ,2857 ,0.893 
R439,0.1029,1.00 ,0.6,1.03,0.0024 ,2857 ,0.817 
R440,0.1154,1.10 ,0.6,1.03,0.0024 ,2857 ,0.786 
R441,0.0324,0.70 ,0.7,1.03,0.0024 ,2857 ,1.855 
R442,0.0318,0.90 ,0.7,1.03,0.0024 ,2857 ,2.558 
R443,0.0335,1.00 ,0.7,1.03,0.0024 ,2857 ,2.115 
R444,0.0353,0.95 ,0.7,1.03,0.0024 ,2857 ,2.303 
R445,0.0381,0.75 ,0.7,1.03,0.0024 ,2857 ,1.672 
R446,0.0387,1.00 ,0.7,1.03,0.0024 ,2857 ,2.056 
R447,0.0428,0.80 ,0.7,1.03,0.0024 ,2857 ,1.372 
R448,0.0418,1.00 ,0.7,1.03,0.0024 ,2857 ,1.722 
R449,0.0481,0.85 ,0.7,1.03,0.0024 ,2857 ,1.342 
R450,0.0447,1.10 ,0.7,1.03,0.0024 ,2857 ,1.835 
R451,0.0523,0.70 ,0.7,1.03,0.0024 ,2857 ,1.229 
R452,0.0543,0.90 ,0.7,1.03,0.0024 ,2857 ,1.212 
R453,0.0484,1.20 ,0.7,1.03,0.0024 ,2857 ,1.628 
R454,0.0608,0.75 ,0.7,1.03,0.0024 ,2857 ,0.938 
R455,0.0603,0.95 ,0.7,1.03,0.0024 ,2857 ,1.084 
R456,0.0593,1.00 ,0.7,1.03,0.0024 ,2857 ,1.126 
R457,0.0659,1.00 ,0.7,1.03,0.0024 ,2857 ,0.967 
R458,0.0679,0.70 ,0.7,1.03,0.0024 ,2857 ,0.878 
R459,0.0691,0.75 ,0.7,1.03,0.0024 ,2857 ,0.848 
R460,0.0688,0.80 ,0.7,1.03,0.0024 ,2857 ,0.758 
R461,0.0682,0.85 ,0.7,1.03,0.0024 ,2857 ,0.897 
R462,0.0678,0.90 ,0.7,1.03,0.0024 ,2857 ,0.851 
R463,0.068,1.00 ,0.7,1.03,0.0024 ,2857 ,0.958 
R464,0.0649,1.10 ,0.7,1.03,0.0024 ,2857 ,1.116 
R465,0.0596,1.20 ,0.7,1.03,0.0024 ,2857 ,1.266 
R466,0.0759,0.85 ,0.7,1.03,0.0024 ,2857 ,0.733 
R467,0.0771,1.00 ,0.7,1.03,0.0024 ,2857 ,0.867 
R468,0.0752,1.10 ,0.7,1.03,0.0024 ,2857 ,0.934 
R469,0.0851,1.00 ,0.7,1.03,0.0024 ,2857 ,0.742 
R470,0.0829,0.90 ,0.7,1.03,0.0024 ,2857 ,0.604 
R471,0.0811,1.60 ,0.7,1.03,0.0024 ,2857 ,0.974 
R472,0.0831,1.20 ,0.7,1.03,0.0024 ,2857 ,0.907 
R473,0.1001,1.00 ,0.7,1.03,0.0024 ,2857 ,0.579 
R474,0.103,1.00 ,0.7,1.03,0.0024 ,2857 ,0.567 
R475,0.1154,1.00 ,0.7,1.03,0.0024 ,2857 ,0.481 
R476,0.116,1.10 ,0.7,1.03,0.0024 ,2857 ,0.531 
R477,0.08,2.00 ,0.3,0.3,0.0120 ,97 ,1.706 
R478,0.08,2.00 ,0.3,0.3,0.0120 ,162 ,1.893 
R479,0.09,1.50 ,0.3,0.3,0.0120 ,97 ,1.449 
R480,0.09,1.50 ,0.3,0.3,0.0120 ,162 ,1.542 
R481,0.09,2.00 ,0.3,0.3,0.0120 ,97 ,1.351 
R482,0.09,2.00 ,0.3,0.3,0.0120 ,162 ,1.426 
R483,0.09,1.50 ,0.4,0.3,0.0120 ,97 ,2.261 
R484,0.09,1.50 ,0.4,0.3,0.0120 ,162 ,1.595 
R485,0.1,2.00 ,0.4,0.3,0.0120 ,97 ,1.079 
R486,0.1,2.00 ,0.4,0.3,0.0120 ,162 ,1.440 
R487,0.11,1.50 ,0.3,0.3,0.0120 ,97 ,1.174 
R488,0.11,1.50 ,0.3,0.3,0.0120 ,162 ,1.264 
R489,0.11,2.00 ,0.3,0.3,0.0120 ,97 ,1.276 
R490,0.11,2.00 ,0.3,0.3,0.0120 ,162 ,1.420 
R491,0.12,1.50 ,0.4,0.3,0.0120 ,97 ,0.883 
R492,0.12,1.50 ,0.4,0.3,0.0120 ,162 ,1.656 
R493,0.13,2.00 ,0.4,0.3,0.0120 ,97 ,1.133 
R494,0.13,2.00 ,0.4,0.3,0.0120 ,162 ,1.154 
I1,0.113 ,1.25,0.305,0.415,0.0064 ,400 ,1.727 
I2,0.112 ,1.25,0.305,0.415,0.0064 ,200 ,1.816 
I3,0.110 ,1.5,0.305,0.415,0.0064 ,400 ,1.727 
I4,0.108 ,1.5,0.305,0.415,0.0064 ,200 ,1.810 
I5,0.113 ,1.75,0.305,0.415,0.0064 ,400 ,1.668 
I6,0.111 ,1.75,0.305,0.415,0.0064 ,200 ,1.735 
I7,0.112 ,2,0.305,0.415,0.0064 ,400 ,1.588 
I8,0.109 ,2,0.305,0.415,0.0064 ,200 ,1.717 
I9,0.113 ,2.25,0.305,0.415,0.0064 ,400 ,1.468 
I10,0.111 ,2.25,0.305,0.415,0.0064 ,200 ,1.591 
I11,0.081 ,1.5,0.457,0.415,0.0064 ,400 ,1.608 
I12,0.081 ,1.5,0.457,0.415,0.0064 ,200 ,1.703 
I13,0.109 ,2,0.457,0.415,0.0064 ,400 ,1.230 
I14,0.109 ,2,0.457,0.415,0.0064 ,200 ,1.239 
I15,0.139 ,1.5,0.457,0.415,0.0064 ,400 ,1.087 
I16,0.139 ,1.5,0.457,0.415,0.0064 ,200 ,1.053 
I17,0.050 ,2,0.457,0.415,0.0064 ,400 ,2.268 
I18,0.050 ,2,0.457,0.415,0.0064 ,200 ,2.276 
I19,0.107 ,2,0.457,0.415,0.0064 ,400 ,1.361 
I20,0.106 ,2,0.457,0.415,0.0064 ,200 ,1.443 
I21,0.152 ,2,0.457,0.415,0.0064 ,400 ,1.062 
I22,0.152 ,2,0.457,0.415,0.0064 ,200 ,1.201 
I23,0.192 ,1.5,0.457,0.415,0.0064 ,400 ,0.920 
I24,0.191 ,1.5,0.457,0.415,0.0064 ,200 ,1.111 
I25,0.110 ,1.5,0.533,0.415,0.0064 ,400 ,1.291 
I26,0.110 ,1.5,0.533,0.415,0.0064 ,200 ,1.270 
I27,0.109 ,1.75,0.533,0.415,0.0064 ,400 ,1.306 
I28,0.110 ,1.75,0.533,0.415,0.0064 ,200 ,1.319 
I29,0.111 ,2,0.533,0.415,0.0064 ,400 ,1.359 
I30,0.111 ,2,0.533,0.415,0.0064 ,200 ,1.454 
I31,0.198 ,2.1,2.00 ,0.7,0.0013 ,1225 ,3.193 
I32,0.203 ,2.9,2.00 ,0.7,0.0013 ,1225 ,1.508 
I33,0.202 ,2.9,2.00 ,0.7,0.0013 ,1225 ,1.518 
I34,0.292 ,2.5,2.00 ,0.7,0.0013 ,1225 ,1.160 
I35,0.294 ,3.6,2.00 ,0.7,0.0013 ,1225 ,0.724 
I36,0.394 ,2.9,2.00 ,0.7,0.0013 ,1225 ,0.621 
I37,0.402 ,4.1,2.00 ,0.7,0.0013 ,1225 ,0.476 
I38,0.577 ,3.6,2.00 ,0.7,0.0013 ,1225 ,0.349 
I39,0.615 ,5.1,2.00 ,0.7,0.0013 ,1225 ,0.299 
I40,0.745 ,4.1,2.00 ,0.7,0.0013 ,1225 ,0.276 
I41,0.826 ,5.8,2.00 ,0.7,0.0013 ,1225 ,0.244 
I42,0.823 ,4.4,2.00 ,0.7,0.0013 ,1225 ,0.253 
I43,0.909 ,6.2,2.00 ,0.7,0.0013 ,1225 ,0.230 
I44,0.120 ,1.7 ,0.4,0.473,0.0030 ,2436 ,0.572 
I45,0.120 ,1.7 ,0.6,0.473,0.0030 ,2436 ,0.583 
I46,0.120 ,1.7 ,0.4,0.473,0.0030 ,1389 ,0.653 
I47,0.120 ,1.7 ,0.6,0.473,0.0030 ,1389 ,0.743 
I48,0.120 ,1.7 ,0.4,0.473,0.0030 ,877 ,0.690 
I49,0.120 ,1.7 ,0.6,0.473,0.0030 ,877 ,0.971 
I50,0.120 ,1.7 ,0.4,0.284,0.0060 ,729 ,1.524 
I51,0.120 ,1.7 ,0.6,0.284,0.0060 ,729 ,1.277 
I52,0.120 ,1.7 ,0.4,0.284,0.0060 ,430 ,1.744 
I53,0.120 ,1.7 ,0.6,0.284,0.0060 ,430 ,1.847 
I54,0.045 ,0.85,0.50 ,0.48,0.0094 ,350 ,2.588 
I55,0.048 ,1.2,0.50 ,0.48,0.0094 ,350 ,3.733 
I56,0.051 ,0.9,0.50 ,0.48,0.0094 ,350 ,2.612 
I57,0.056 ,0.95,0.50 ,0.48,0.0094 ,350 ,2.250 
I58,0.059 ,1,0.50 ,0.48,0.0094 ,350 ,2.313 
I59,0.044 ,1.1,0.60 ,0.48,0.0094 ,350 ,5.210 
I60,0.046 ,0.85,0.60 ,0.48,0.0094 ,350 ,3.792 
I61,0.053 ,0.9,0.60 ,0.48,0.0094 ,350 ,3.405 
I62,0.050 ,1.2,0.60 ,0.48,0.0094 ,350 ,5.152 
I63,0.049 ,1,0.60 ,0.48,0.0094 ,350 ,2.714 
I64,0.073 ,1.1,0.60 ,0.48,0.0094 ,350 ,2.943 
I65,0.084 ,1.2,0.60 ,0.48,0.0094 ,350 ,2.778 
I66,0.046 ,0.85,0.70 ,0.48,0.0094 ,350 ,18.066 
I67,0.044 ,1.1,0.70 ,0.48,0.0094 ,350 ,9.560 
I68,0.052 ,0.9,0.70 ,0.48,0.0094 ,350 ,9.504 
I69,0.052 ,1.2,0.70 ,0.48,0.0094 ,350 ,7.940 
I70,0.062 ,1,0.70 ,0.48,0.0094 ,350 ,6.399 
I71,0.065 ,1.4,0.70 ,0.48,0.0094 ,350 ,6.120 
I72,0.071 ,1.1,0.70 ,0.48,0.0094 ,350 ,3.854 
I73,0.082 ,1.2,0.70 ,0.48,0.0094 ,350 ,4.551 
I74,0.045 ,0.85,0.50 ,0.59,0.0065 ,405 ,9.737 
I75,0.048 ,1.2,0.50 ,0.59,0.0065 ,405 ,8.842 
I76,0.051 ,0.9,0.50 ,0.59,0.0065 ,405 ,9.193 
I77,0.056 ,0.95,0.50 ,0.59,0.0065 ,405 ,8.380 
I78,0.059 ,1,0.50 ,0.59,0.0065 ,405 ,8.009 
I79,0.067 ,1,0.50 ,0.59,0.0065 ,405 ,7.034 
I80,0.044 ,1.1,0.60 ,0.59,0.0065 ,405 ,8.819 
I81,0.046 ,0.85,0.60 ,0.59,0.0065 ,405 ,9.456 
I82,0.053 ,0.9,0.60 ,0.59,0.0065 ,405 ,7.271 
I83,0.050 ,1.2,0.60 ,0.59,0.0065 ,405 ,7.679 
I84,0.049 ,1,0.60 ,0.59,0.0065 ,405 ,6.293 
I85,0.073 ,1.1,0.60 ,0.59,0.0065 ,405 ,5.235 
I86,0.084 ,1.2,0.60 ,0.59,0.0065 ,405 ,4.570 
I87,0.046 ,0.85,0.70 ,0.59,0.0065 ,405 ,28.831 
I88,0.044 ,1.1,0.70 ,0.59,0.0065 ,405 ,16.568 
I89,0.043 ,1.4,0.70 ,0.59,0.0065 ,405 ,14.345 
I90,0.052 ,0.9,0.70 ,0.59,0.0065 ,405 ,20.908 
I91,0.052 ,1.2,0.70 ,0.59,0.0065 ,405 ,12.641 
I92,0.052 ,1.6,0.70 ,0.59,0.0065 ,405 ,8.179 
I93,0.062 ,1,0.70 ,0.59,0.0065 ,405 ,13.660 
I94,0.065 ,1.4,0.70 ,0.59,0.0065 ,405 ,8.693 
I95,0.071 ,1.1,0.70 ,0.59,0.0065 ,405 ,9.869 
I96,0.082 ,1.2,0.70 ,0.59,0.0065 ,405 ,7.236 
I97,0.045 ,0.85,0.50 ,0.62,0.0065 ,545 ,4.303 
I98,0.048 ,1.2,0.50 ,0.62,0.0065 ,545 ,4.921 
I99,0.051 ,0.9,0.50 ,0.62,0.0065 ,545 ,4.096 
I100,0.056 ,0.95,0.50 ,0.62,0.0065 ,545 ,3.883 
I101,0.059 ,1,0.50 ,0.62,0.0065 ,545 ,3.646 
I102,0.067 ,1,0.50 ,0.62,0.0065 ,545 ,3.794 
I103,0.044 ,1.1,0.60 ,0.62,0.0065 ,545 ,3.696 
I104,0.046 ,0.85,0.60 ,0.62,0.0065 ,545 ,2.841 
I105,0.053 ,0.9,0.60 ,0.62,0.0065 ,545 ,2.479 
I106,0.050 ,1.2,0.60 ,0.62,0.0065 ,545 ,3.895 
I107,0.049 ,1,0.60 ,0.62,0.0065 ,545 ,2.249 
I108,0.073 ,1.1,0.60 ,0.62,0.0065 ,545 ,2.228 
I109,0.084 ,1.2,0.60 ,0.62,0.0065 ,545 ,2.207 
I110,0.042 ,0.8,0.70 ,0.62,0.0065 ,545 ,7.015 
I111,0.046 ,0.85,0.70 ,0.62,0.0065 ,545 ,5.473 
I112,0.044 ,1.1,0.70 ,0.62,0.0065 ,545 ,5.088 
I113,0.052 ,0.9,0.70 ,0.62,0.0065 ,545 ,4.428 
I114,0.052 ,1.2,0.70 ,0.62,0.0065 ,545 ,4.576 
I115,0.062 ,1,0.70 ,0.62,0.0065 ,545 ,3.509 
I116,0.071 ,1.1,0.70 ,0.62,0.0065 ,545 ,3.154 
I117,0.082 ,1.2,0.70 ,0.62,0.0065 ,545 ,3.075 
I118,0.045 ,0.85,0.50 ,1.03,0.0024 ,2857 ,3.271 
I119,0.048 ,1.2,0.50 ,1.03,0.0024 ,2857 ,3.654 
I120,0.051 ,0.9,0.50 ,1.03,0.0024 ,2857 ,3.134 
I121,0.056 ,0.95,0.50 ,1.03,0.0024 ,2857 ,2.824 
I122,0.059 ,1,0.50 ,1.03,0.0024 ,2857 ,2.804 
I123,0.067 ,1,0.50 ,1.03,0.0024 ,2857 ,2.544 
I124,0.044 ,1.1,0.60 ,1.03,0.0024 ,2857 ,2.514 
I125,0.046 ,0.85,0.60 ,1.03,0.0024 ,2857 ,2.096 
I126,0.053 ,0.9,0.60 ,1.03,0.0024 ,2857 ,1.838 
I127,0.050 ,1.2,0.60 ,1.03,0.0024 ,2857 ,2.562 
I128,0.049 ,1,0.60 ,1.03,0.0024 ,2857 ,1.682 
I129,0.073 ,1.1,0.60 ,1.03,0.0024 ,2857 ,1.474 
I130,0.084 ,1.2,0.60 ,1.03,0.0024 ,2857 ,1.474 
I131,0.042 ,0.8,0.70 ,1.03,0.0024 ,2857 ,1.740 
I132,0.046 ,0.85,0.70 ,1.03,0.0024 ,2857 ,1.604 
I133,0.044 ,1.1,0.70 ,1.03,0.0024 ,2857 ,2.002 
I134,0.043 ,1.4,0.70 ,1.03,0.0024 ,2857 ,2.413 
I135,0.052 ,0.9,0.70 ,1.03,0.0024 ,2857 ,1.390 
I136,0.052 ,1.2,0.70 ,1.03,0.0024 ,2857 ,1.909 
I137,0.052 ,1.6,0.70 ,1.03,0.0024 ,2857 ,1.740 
I138,0.062 ,1,0.70 ,1.03,0.0024 ,2857 ,1.239 
I139,0.071 ,1.1,0.70 ,1.03,0.0024 ,2857 ,1.241 
I140,0.082 ,1.2,0.70 ,1.03,0.0024 ,2857 ,1.160 
I141,0.280 ,2,1.7,0.55,0.0100 ,360 ,1.600 
I142,0.400 ,3,1.7,0.55,0.0100 ,360 ,0.819 
I143,0.310 ,4,1.7,0.55,0.0100 ,360 ,1.041 
I144,0.280 ,2,1.5,0.55,0.0100 ,360 ,1.435 
I145,0.400 ,3,1.5,0.55,0.0100 ,360 ,0.874 
I146,0.310 ,4,1.5,0.55,0.0100 ,360 ,1.166 
I147,0.280 ,2,1.3,0.55,0.0100 ,360 ,1.066 
I148,0.400 ,3,1.3,0.55,0.0100 ,360 ,0.787 
I149,0.310 ,4,1.3,0.55,0.0100 ,360 ,0.944 
I150,0.280 ,2,1.1,0.55,0.0100 ,360 ,0.985 
I151,0.400 ,3,1.1,0.55,0.0100 ,360 ,0.652 
I152,0.310 ,4,1.1,0.55,0.0100 ,360 ,0.732 
I153,0.280 ,2,1.7,0.55,0.0100 ,180 ,2.215 
I154,0.400 ,3,1.7,0.55,0.0100 ,180 ,1.262 
I155,0.310 ,4,1.7,0.55,0.0100 ,180 ,1.586 
I156,0.280 ,2,1.5,0.55,0.0100 ,180 ,1.352 
I157,0.400 ,3,1.5,0.55,0.0100 ,180 ,1.008 
I158,0.310 ,4,1.5,0.55,0.0100 ,180 ,1.257 
I159,0.280 ,2,1.3,0.55,0.0100 ,180 ,0.923 
I160,0.400 ,3,1.3,0.55,0.0100 ,180 ,0.722 
I161,0.310 ,4,1.3,0.55,0.0100 ,180 ,0.982 
I162,0.280 ,2,1.1,0.55,0.0100 ,180 ,1.046 
I163,0.400 ,3,1.1,0.55,0.0100 ,180 ,0.644 
I164,0.310 ,4,1.1,0.55,0.0100 ,180 ,0.798 
I165,0.2,2.77,0.83,0.28,0.0075 ,185 ,3.2
I166,0.1,1.27,0.83,0.28,0.0075 ,185 ,9
I167,0.1,1.27,0.67,0.28,0.0075 ,185 ,6.1
I168,0.2,2.77,0.67,0.28,0.0075 ,185 ,3.1
I169,0.23,2.83,0.67,0.28,0.0075 ,185 ,2.9
I170,0.1,1.27,0.5,0.28,0.0075 ,185 ,5.2
I171,0.23,2.83,0.5,0.28,0.0075 ,185 ,2.7
I172,0.15,2.48,0.5,0.28,0.0075 ,185 ,2.9
I173,0.1,1.27,0.4,0.28,0.0075 ,185 ,4.6
I174,0.15,2.48,0.4,0.28,0.0075 ,185 ,3
I175,0.1,1.27,0.5,0.28,0.0075 ,370 ,4.2
I176,0.15,2.48,0.5,0.28,0.0075 ,370 ,2.2
I177,0.23,2.83,0.5,0.28,0.0075 ,370 ,1.7
I178,0.1,1.27,0.67,0.28,0.0075 ,370 ,6.2
I179,0.2,1.67,0.67,0.28,0.0075 ,370 ,2.3
I180,0.23,2.77,0.67,0.28,0.0075 ,370 ,2.3
I181,0.1,1.27,0.83,0.28,0.0075 ,370 ,6
I182,0.2,1.67,0.83,0.28,0.0075 ,370 ,3.4
I183,0.2,2.77,0.83,0.28,0.0075 ,370 ,2.4
I184,0.1,1.27,0.83,0.16,0.0075 ,185 ,10.5
I185,0.2,2.77,0.83,0.16,0.0075 ,185 ,4.8
I186,0.2,2.83,0.83,0.16,0.0075 ,185 ,2.8
I187,0.1,1.27,0.67,0.16,0.0075 ,185 ,8.5
I188,0.2,2.48,0.67,0.16,0.0075 ,185 ,2.7
I189,0.23,2.83,0.67,0.16,0.0075 ,185 ,2.4
I190,0.1,1.27,0.5,0.16,0.0075 ,185 ,4.6
I191,0.15,2.48,0.5,0.16,0.0075 ,185 ,2.4
I192,0.23,2.83,0.5,0.16,0.0075 ,185 ,2
I193,0.1,1.27,0.5,0.16,0.0075 ,370 ,3.3
I194,0.15,2.48,0.5,0.16,0.0075 ,370 ,3.9
I195,0.23,2.83,0.5,0.16,0.0075 ,370 ,3
I196,0.1,1.27,0.67,0.16,0.0075 ,370 ,3.1
I197,0.2,2.77,0.67,0.16,0.0075 ,370 ,0.85
I198,0.23,2.83,0.67,0.16,0.0075 ,370 ,0.85
I199,0.2,1.67,0.83,0.16,0.0075 ,370 ,2.1
I200,0.2,2.77,0.83,0.16,0.0075 ,370 ,1.4
